cell_barcode,cell1,cell2
ATCGAGGCACAATGGGATACTTACACT,1,1
GCATGTATGAGAACGGCCTGTAGGCGA,1,1
TGGCCAAAGTCGTGTCCGGCGACTAGC,1,1
ATTTCGCCCCGGTTACCCTATACAGGA,1,1
ACCTCGTATGGGACGGTGTGCAACTAT,1,1
AAAAAGCTACGGGTCCTGATATCCATC,1,1
CTGTAGACAATATTTAAGAGCACCTAT,1,1
GCGGGGCCAATCCTACTATTTCAGACA,1,1
AAGATAGTTGGTTCACCGTATACCTAC,1,1
GCCCATCACGTTAGGACAAAGTACCTT,1,1
ATTATTACCAACCCGCGACTCGCGCAT,1,1
AGTGCAGTCCCTCAGTGTAATATCTCT,1,1
CCGAGCTTGTGAACGCGGCCTTTCCGT,1,1
CCGATCATGAGTCCGACGAATCTCTAT,1,1
TCCAAAGCACCGGTGTTTTTGTTCGTA,1,1
CAGGAATCGGCCACCATTCTGCATAGT,1,1
TCTAGTTTACGAGGCGGTACGGCCGTG,1,1
AGCATCAGCTGACACGATTGACTAAGT,1,1
TAGACCGAGTCGAACGTAAGCCCAGAT,1,1
TCCTAATCATTAGCGCATAAATTGACT,1,1
AAGGGGAAACGGATGGGCGCACTTAAT,1,1
GCTGTCGGACGACAACACGACCTAAGT,1,1
AATACCTGTGCCTCTCGTTGTAGCATG,1,1
AGATGCTCTCAATAGCTGCCCCAGCCA,1,1
ACTCCTATCGTTAAGAAATCCCCAAGC,1,1
GCGTACACCGTTAATCAGTTAGTATCA,1,1
GAACCTCAGTGGTACATCAACGCGTGA,1,1
TCAGTCCGTCCGTGATCACTCCCGCCC,1,1
ATTCTGAGGATTGGAATAGTGGTGATA,1,1
GTCGTACTTGCGTGGCAGTGCGAATCT,1,1
ACTGAGCGATAACGGTTGGAGGTGGTT,1,1
GTCGACCGCCTTACGTCTATTCTCAAG,1,1
AGGCTACCGACACAGCCCAGCAGGTTT,1,1
CGCTTTCGGTCGACCACCCAATTTACC,1,1
CAAGAGCATAGGAATCTTGCCCCATGT,1,1
GACTGCTCAGGTACATCTGGACTATCT,1,1
CGATAACGGGTAGCGCGCGAAACCTTC,1,1
AGTGGGTTGAGCGTGTTGGTACGCGCT,1,1
GAAGCAATGCTGCCTGGATGGGCACTT,1,1
TCCGATGTCCGGTCCTTCTCCACCTAG,1,1
CGAGAACCTGCCTGCCGCTGAGTGAGA,1,1
GCCAGAGATGACTTCCGCTCGTCTGGG,1,1
GTTTCCGTCGCGCCCGCACTATTTTGT,1,1
AGGACTCGAGTGCCTATGCCGCGCGAC,1,1
ACATGGGGCAAGACGTTTCTCATGCTG,1,1
ATCCGTTGCGGGAATGAGATTACAGGT,1,1
AGGGTGTACCGAGAAGCTCGTACGAAG,1,1
CGATCACTGGGGGGACTTGGATAAGAT,1,1
AATGATGCATTACTTTAATGTGGTTCG,1,1
CGCACATCCAGCTTCGCTATGTTCCGC,1,1
CTTTCCTCGGCTGGCTTTTCCGCCTAG,2,1
ACGTTGTAGGATACACCAGTAGACTAA,2,1
TTAAACTGGGCTATCCGTTAAGTTCGA,2,1
ATTTTGCGTGGGTCTGTTCTAGTTGTC,2,1
ATTAGTCCCGCCTATAAGGCGTCCCGT,2,1
ACTATACCGAGTCCTGATTTTCGAACT,2,1
TCCCGGCGAAGCGCCGTCCAACGTAAT,2,1
CAGTTCTGAGAGTAGGCCCGAATCGTG,2,1
GTGCTGACCACCTCTGGTGGCTGGCGA,2,1
TCACGGAACGAGGATATCCATTAGTAA,2,1
TTATCGCGTTCCTATTATCATGATCTG,2,1
GCACGTCTTCTGTTATCACCGGGCGCG,2,1
AGGATGGGCTCCCGAAGACCATTCGAT,2,1
TTCCAATGCCCAGCCACTACTGGCGTT,2,1
GCGCTTCTAAGAGAAAGGGACTGGACG,2,1
ATACCAGATGGATTGGACCTGCCTCAC,2,1
CGCACTACTATAGCAAAAATGTCGGGT,2,1
CTGCTTTGTACATGCACAGAATCCTCG,2,1
TGCGAAGCGAAATTACACTTAGATAAC,2,1
GCGTGGATCCTATAGCAGGCAGTCCTT,2,1
TCTCCGTGGCGCTTTAGGCTGAAGAGT,2,1
GACTAATGTCAGCTAGGTTCACCACTA,2,1
GCTCTGAAGTTTCTTCGCTCACAAACC,2,1
GCCCACATGAAGTTGTTCCATGGGATA,2,1
CAGTAACGCCCTATTCTGTTCTCTCAA,2,1
ACAACTAACCTTGAGAAGCACATGCCT,2,1
CCTAAATACGATAGAAGAGATGGCGAT,2,1
CTCACATTCCGGCTTATTTTCCGGGGA,2,1
TGAACGACAGCGTTCTCTACATCGGAT,2,1
TATGAGAATGGGTTAAGGGTTGCGCCA,2,1
TATGTGAATCTATGAAATGATGATCTT,2,1
GAGGATGGCTCCTAGACGAATGTAGTC,2,1
TACAAGTCCCTTCCATAAGCGGGAGGG,2,1
CTTTGGCACGTGAATGAGCTGAACAAC,2,1
TCCGCGGTTATACTGGTTAATACCGAT,2,1
CGGCATGAGTATACCCGTTAGAACGTA,2,1
TCCTGATTTAGAAGACTTCATCCTGTA,2,1
GATGGAGCGCATAATTTGGCAAACTCG,2,1
AGCGTATTAAGCGATTGCCGCCGCCGT,2,1
GACACCAGCGCAATCATCAGGACCAGA,2,1
TTTGTCGGTTTTAGTGATCGATTCATC,2,1
TTCGTGGGCCGCACATTTAGAACTCCC,2,1
TGAAGAGCCTCCCTACGGGAGCGCTGT,2,1
AGCCAGCGCCTCGGCGACTACTGGGAT,2,1
CTCATATATTGTCGTCAAAAACGGGCA,2,1
AGCTATAGTCGGTTAAAAGACAGTATG,2,1
GACATTTATCCCTGACGGACCGTCGGG,2,1
AGCCAGGCCGCGAATTCAACCATGGCT,2,1
AAACTGCAATAAGGCCGACGCGACTAG,2,1
AGCGCGACCCGCAGCTCCCTTATCGAG,2,1
GCAAATTAGAAGGCGAGGGCTAGAGCG,3,1
TGTACAGAATTATGGAGCCTGGATACC,3,1
AGTGTATGGCTAAATAGACATCACCAA,3,1
TCTTGGACTGTTGCTAGTCGATATAGT,3,1
TGTAGGTGTAGGCTTAAAGAATAATCC,3,1
GACACTCACGTAGTGCTCAATCCGGCG,3,1
CGTCTAAGGTCATGGGTGTTGATTGTA,3,1
ACCCAATTACGTTTACAATTGACCTCA,3,1
GTCTCACGTTTAGGTCCCTGAACTGTG,3,1
TTTAGTGTTTATCTTACCTTTCCAAAA,3,1
GCTTTGAGGGGCCATGGTATGCTGTTG,3,1
ATCGGGTATGCGATAGCCCTTGTATTT,3,1
GCAAGGGGAGGAGAGATCGATATATGC,3,1
AGAAAAGTGAGACTGCATGGAGTGCGA,3,1
GCATTCGACTGCAACGCCCTTGACGGT,3,1
AATCTTACGTGGTAGCCAAAGTCCAGC,3,1
GAGTTGCTAAAGCCAAGGCCGTATGAG,3,1
CTGTACTGAGTACCGAGCTGATGCATC,3,1
TTGACAAATGCAAATACTTGTACGCCA,3,1
ACCAGGCAGTGGATCTATCGGCTGTAC,3,1
CGGTATCGTATACCCGTGACAATGCCC,3,1
CCGATAGCTTAGGCGAGCCGGCCAGCT,3,1
ATCTTATAGTGGTACTAGCACTAATAG,3,1
TGTGGGTTGCAAATTAGTGTGGACCGG,3,1
TTTGAATTTCCAAATCTCCCCCAACCT,3,1
GGAACCCCAACGTTGCATGGAATAATT,3,1
TCTGTTAAGACGGGGCCTGCGCTAGAG,3,1
AATTTGCAAATCGTCAAATTTGTAGAT,3,1
AATTAGTCGTTCCCGCACATGAGCAAA,3,1
CGGGGAAGCACCAAATCGACGCTCTTT,3,1
GCCGCACCTGGAAGGTGAACGTGAGGG,3,1
GCAGGCGTAGTCTCTCCACCTGCATGG,3,1
CAGGGCTAGTTAAGGCAGTAGATAATC,3,1
ATCTTAGATGCCGTGTATGCACATGCC,3,1
CGACATCCAATGTAGAGCTGAGATCAC,3,1
CGTTGCAAACAGAGCCACGGATGGACA,3,1
GCTCTTTCCCCAATGTGAAATAGAAAC,3,1
GTTCGCGTGCCAGGACGGAGCTCGGAC,3,1
CGTCGCACGACATTTTTGTAGAACACC,3,1
TAGCATCCATCACTGCAGCTATGAGAG,3,1
TGCGTCAGGTTAGCCCTCTCCTATTTG,3,1
ATAGGCCACAATCAAAGCTCCCAAAGG,3,1
GGTTTCCGAGTGCCACATTTTCCGCAG,3,1
AGTAACGGTATCGCCAGTGACAAAGGA,3,1
GGAGTCTGTCTCTGTCAAATGTCGCTC,3,1
TATCCCCTGGCTTGACAACAGGGAGAA,3,1
TGGAAGGAAACTAGTATCGAATTAGCG,3,1
TCGGAGTTGCAGTGCACCACCCCAACG,3,1
CGCGGGAAATGATCTTTGACGTAGTCG,3,1
GGGCTGGGTCGGACTGTGCTGCCGCCA,3,1
CTTGTGACAGGTGATCGGCGGCTCTTG,4,1
GTGGTGCACAGCAGTTAGACGTTAAAG,4,1
GCGTCCCCCGGTAGCTTGAGCCATAGG,4,1
CGAAGCCCTATGCCGTCCGATTATTTT,4,1
CTCTGATTCGGCGGGCCCGACTTCTTG,4,1
TACGGCGCATTGCAGAGCCAGCCCGAC,4,1
GCGTCCTCAACTTGAGCTCGGACATGA,4,1
TCGAAATCGTTATACCATTCAAGCAGA,4,1
GCCTATAAACGAAAAGTGGGCGCGCAT,4,1
TCCCACTCAAACACAGGTCCGTAGCCA,4,1
ATACTTGGCCAAAGGGTTGAGCGTACA,4,1
CGGGCGAGTGGGACCCGGGGGGCATAC,4,1
CATGCTATCACAATCATGGATATGGCA,4,1
AGGGCGTTTCGGTAGGTTCACGAACAA,4,1
TATCTCAGTGGTCTTCGCTTCATCTAT,4,1
CAGGCGGACGGTCAAGCAGTGTGACCT,4,1
GTTCAAACCAAATTCCTACTGGCGAGT,4,1
ACACGTACCTCCAAAATCCCATTTCAC,4,1
CTCATTGGTTATCTGACTGTGATAGTA,4,1
TCCCTTAATCCCGCCAAGCGCTCTTGC,4,1
AGGATTATCATTGTTCCTTTTACTCCT,4,1
TAAGACGACATTAGGTCGCAAATGGAA,4,1
TGCGCGCCACAGATTACTAACTGACGT,4,1
CTGGCGAGATTGGGTCTAGATCCTTAA,4,1
TACACTGGGGGGCAAAGGGGCACGCTT,4,1
ATCCGTTACCATATTCAACGCGGGATA,4,1
AGATTCTGTGTCTTAGGCATAGCCATC,4,1
CTCGCGTTTGGATCAGAGATAGAAAAG,4,1
CATGAATGCGTATTGGAGACGAAAGTC,4,1
AGTTAAACACTCGCTGCTGAAGGTACT,4,1
CACGGGTCGCGCGCGCAAAGTGTCACA,4,1
CCGCGGATTACTCCTGAACCGTCGGGT,4,1
TACCCCAGGTATACCCCTTTAGAGCAC,4,1
CGGCCTGAAGATACGTGCGGAGTGGTC,4,1
GGCTCCCGTGCGCACACGTTTCGAGCA,4,1
ACAGTGCCAGCGTGACACGGCAGTATG,4,1
TCGGTCTACACATCGCGGAGTGCCCTC,4,1
AACGTCGTGCTCGACGGCACTTTAATT,4,1
TTGGGCAATCTAAGCAGCCCTTGGGTG,4,1
CTTGTCCGCCGGCACTTCGGGTCCAAC,4,1
TATGACGTAACTTTGGCATGGTTTAAT,4,1
CACTCAGTCAGCCTACACCCGAGAAAA,4,1
TAGGATCGCGGGTTGGCTCTATGATAA,4,1
GCCCGCTTACAACACTCCCCACTTGAG,4,1
CACAAAGCCGCCCCCACGCGGGCGGCA,4,1
CTCTAATCTCCGCTAGCATACAGTCAA,4,1
ACCCATATGTGAATTATTGTCTTGGCC,4,1
AGATCTTATTACATACTTTTCATCGAA,4,1
ATAGGTTGCCGCTCTCTAGGTGTCCAT,4,1
CTTCGAAGGATGTCTTTGCGCAGCCAA,4,1
GTACCCTTACAGTCATTCGTGTACAGC,5,1
AGGATCTTTCCTTTGGGTTCCGGAGAT,5,1
AAATCAGAGTAAGCGCTCCTAATACTC,5,1
GCAGATGTAGTCCCATATCTGCGAAAA,5,1
GTTTCCGTGAGACGACGTCTTCGACAT,5,1
AAGAACTTGAGACTTATGAGCGTACTG,5,1
AATCCGGGATGTAGACCGTAACTCGAG,5,1
GCACGTGGATCTAACCCGTATACGTGT,5,1
TAGAGATCTAGGCGGGCATAAGCTTGT,5,1
GGGCGTGTGCGGCCGCTGCAACGCAGT,5,1
TGTCACTATGATCGATTATTCCATTAA,5,1
GGAGAGAGGCCGTGTCGCGCTTGCCCT,5,1
AGGCTGTCGAACTGTGTGACTTGCAAC,5,1
TCAGAAGTGGAGCATAGTTTGCTGTAA,5,1
CGCCGAGCTTCTCAAGTAACCTATTTA,5,1
CCTATCGCTACTATATAAGGAAACAAG,5,1
AAGAGGTGCTGAGACAGGCGAGGCGGG,5,1
TTCCACGTCGTAGACTCTTGCGCCTTG,5,1
TGTAGGCCACATTCTAACTCTATTCAG,5,1
CCTTGGGTGCGAGAGATGACACCTTGT,5,1
GTTAACGGCAGAAAGAGAGCAACTATT,5,1
CGCGCACGGAGCCCGTTGCTGAAAACA,5,1
TATCCGCGAATCAATGATTCCTAATAT,5,1
GCAACACTCTGGTTGCTGAGTCAGTTT,5,1
TATTGGAAGGTGACCGAGGGAAACATT,5,1
CATTGTTTTGAATCGGGACAAGAAAGC,5,1
ATTGCCAAGACATGGCTGCAGTACTCA,5,1
GTCCTGCGGAACACTTTTCCGGTGGTG,5,1
AGTCCTCCGTGAAATGACTCTCCTCGC,5,1
AACGACCTTGTATTATACCGCATCCAC,5,1
TAAGCTCTGCTGATAGCGCCAGCCGTG,5,1
GCAGCTTACTAAATCGGGCTGCACATG,5,1
CGCACTAGACTTGTACGTCAAAGTTTA,5,1
CTGAGCTTCTAACCACCGGTCTACCCA,5,1
TTTCGCCGTTAGAATGCTCGGTCTATT,5,1
AATCGTTTGTAGATCATGACCTGACTC,5,1
TTCGCACGTTCGGCACTCAGAGATTCA,5,1
TCATAGGCTTCTACGTTATGCGAGGAG,5,1
TAGTCTCTAATAGGTCGTATCAGGTCG,5,1
GGTAGCTCTGAGCGTTAGTCTGTATCC,5,1
CTGTTGACGACCCCGGACTTGGGTACA,5,1
ATCTAGGAACCCATTCGGGGGCAACTA,5,1
CGTTCCTTGGTCCTTGGGATAGCATTA,5,1
GTAACAGTCACAAACACCCTTAGTGAG,5,1
TAATGTAGGAGATGCTGTTCCTTGCCC,5,1
GGCGGAATTAGGAGACTTCGGGTCATC,5,1
AGGCGACCGTAGCACCGTCGTCCCCGT,5,1
TTGTATTGGGATTCCGCACAGTGGTTT,5,1
TTTCGTCTAACGAGTCCAGTTTTTTGA,5,1
TGGCATAGGATCGCGTAGCGTTTCGAT,5,1
ACGCCAGATAGGAATCGCAACCGTAGC,6,1
ATAGAACGGGGGGCAGACACGACCCTA,6,1
GTGGACAGCTACGTAGGCGGAGGCAAC,6,1
TGTTGTCTGGTCAGAGACATTAGATGT,6,1
CCCGGATGCACATGCGGTGTTATTCCG,6,1
ATATGAGACATGGATATTTTGTTCCAC,6,1
CAGTCGTTTCGTGCTTGGAAGCCAATT,6,1
TAGTCGGTTACGAGGCCATAGCGGTTC,6,1
AAATCCAAAACATATACCACCTCGGGT,6,1
TTCACAATAACCAACATGTCATGGCTG,6,1
TTTGAAAGTTCTTGATTCCACGGGGTT,6,1
AGAGGTGATGTAATAACCCGATGTGAT,6,1
GACATTATGCGCCGATCAGACGACATT,6,1
CAAATCGTCCGACCGAGTTTGGAGGAA,6,1
GCAAACACACACGTGGTTATTTATCTT,6,1
CACAAGAAGTGAATATTCACGAGACCT,6,1
AGTGTCCATTTCGTTACGCGCGTGTTT,6,1
CAGTCACTGTATGGTTTCCATATGACT,6,1
GGACACGCACACTGGCCACGCTTAACA,6,1
CTAGGGTCAATCTAGTCTATACTGGCA,6,1
TCAAGTGATTCGCTTGGCAAAGTCCGC,6,1
ATGCATTAAAGTCGTTCCGATAGCGTA,6,1
GGCCTCGGCCAAAGCGTCGAGCCTCTA,6,1
ATAGTCCCATCACTAGTACATATGCTT,6,1
AGGCACCTACACGGCGAGAACTCATCG,6,1
GATTAACCGCAGCGTCATTGTGTGAAC,6,1
TGATTTCCTGCCCTAAGTTGTCGTGGA,6,1
AACCAGAACTAGGTTCAATCAAGTGTA,6,1
GAATACTCTGAACAACTTCGATCTTTA,6,1
TACATACGAAGAGCTTAGATTGACTTT,6,1
AAGACATGTAACATGATTTGCGTTTCG,6,1
ACTCGGTCTCATGTTCGAAGTACGTCA,6,1
GTGCATCGGTGCTACGGTAAGAAGCAG,6,1
TGGTGCCCCTAATTATAGGAAGCACAG,6,1
ATACGACTTATCGGCTTTGGGCCCGAC,6,1
GACGCGACATCAAAGAATACCTTCACT,6,1
CGTCGGGTCTTCACTGATTCAGGTAGC,6,1
TCGAGAAACCGTCACAACCTCAACCAC,6,1
CTTCCCACCCCCTACATTTGACTGATC,6,1
TCTCTTGTCGATAGTAAGAGATCTCTC,6,1
GGAGTCCAAAAGTTCGAGCAAGGGATC,6,1
ACTGGAGCAACAGTTACAGTCATCTGG,6,1
GCTGTCTCGCCGAAAGTGGTGCACATC,6,1
TGCTCAGCGCCGATGCATCCACGATGC,6,1
GTAAACTACATATACCCCAGATTGTCA,6,1
TGTAGGACCGTCAAGTAGCGAGGTTTT,6,1
AAGAGAGCAGTCCAATACCCTGCGCCT,6,1
CCTTAAAAAGAACACCATGTACAACCA,6,1
ACCTGAGCCTCTTAAAGTTGACTAAGG,6,1
AGCCATAGCCCGCACGATTTCAAATTG,6,1
TACGCTAACACGCCCGTGCTTGTGTCA,7,2
TAACCGAAGTGACGTTGTAGACCTGTG,7,2
TTAAGAACAGTACATCACCGCAGCCAA,7,2
CTACCTATCAGGTACCGTTCGATGGTG,7,2
TCGCTTAACTTTACTGAGTGCCTCTGT,7,2
TAACAGCGCAACGCTATTGTGGCGATC,7,2
ATGCAGTGTCTTGAACATAATAGTTGA,7,2
GTTGAAATAGGGTATCAAAGTCAGCTA,7,2
GGCGTTTAATTCACGCTAGCCTTTCGG,7,2
GTTTCTTGGTCAGCGTCTGGGGGTAAG,7,2
GAATAATTCTAGTTATCAAAACAGCCG,7,2
GGTCCAGCAAAATCGGCGCCCGATCCG,7,2
TCAATCCCTACTAGGAAAGTCGAATCG,7,2
GCAGGTGGTCATACCCGTCGTTTGTAA,7,2
CACCAGCAGTATAATGCGCGGCTTGCA,7,2
CATCTAACAGTTTTTAGATAGTGGGAT,7,2
GTTTATCTATGCCCACTGAGAGTAATG,7,2
CACGACACGGTAGGGGCAACGACCATT,7,2
CTGGGCCGACACTCATTCCCGTCGATC,7,2
CCTTATAGAGGGAGGGTCGGGCCGTCG,7,2
TCCTACGGTGCAGTTTGCCCGGATTCC,7,2
GGGACCGTTATGCAGCAGGCCGATCGG,7,2
CACCATCAGGACAATGTGACACTGTCG,7,2
ACGGGAGTGTCCCCAGGACTGATAACG,7,2
GCCACTGGGGAAAGGTCAGTTCACCTG,7,2
GTCCGCACGCGACGCTCTTGCTTAGTC,7,2
ATTCATATACCGCGAGCTCATCTTCCG,7,2
CCTTAATTGGACTGGCGAAGGTCCCCG,7,2
CAATCATGCGTAGCACTACTACCCAAG,7,2
ATTATACTGGTCCTCCTTCCTGGACCC,7,2
GGGTTGAGAAAAGGTACGCCCCCTTGT,7,2
TTCTCACAGGTATCGATGTAGAGTCTG,7,2
GCAGTGAGGGCTGTGATAGCGGCGCGC,7,2
GTGAACGTCTCCGTACGCTAAATGAGG,7,2
AGCATTCCTTCACAGTTGGCCGCCATC,7,2
TTCGCTGTGGATGTCAGCGTCGTCACA,7,2
AAGCGCCACCTAAGGATACTTACGAAC,7,2
GTCTTTCCAAAGCCCTCCTGAGGTTCG,7,2
GGTGTGAGGCACAGCAAACGTTGTTCC,7,2
CACAACCACTAACTTCCTGGACTATCA,7,2
GCCGTACGTGTGCGCGGGCGCTCGCAA,7,2
GCTTCGCCCGGTCTATCATCGGTTGCT,7,2
GTGCATGTTGAAGAGGGTGTAGGAGGG,7,2
CCCTCCACAATTATTGTTGCGTACCTC,7,2
CTGCGTTGGACGCGCTAGCGAGAGCCA,7,2
CGCAACATCAGGTGATGGCAGACTGTG,7,2
GTCCTTTTTCAAATCTATCTGCTCAAG,7,2
TCTCCATTACCTGGGGTTAGGATGGCG,7,2
ATCACAGCCGTCCCATTACGTGTGCAT,7,2
TTTCCCTTACTGGGCGCAGATATTGGT,7,2
TTTGGCGATCCAATAACGGGCTCTCCA,8,2
AAGGACGGCTAGAACCACCCTTGTAGA,8,2
GGGCCCAGCTCCCCGGTCACGGGCTCT,8,2
TTCTGGGTTCGTGTAAGCCACACGGTC,8,2
CGCCACCCCTTACCATGGCCAAAGCTC,8,2
ATGTCGACATACTCTTATATTACCTTG,8,2
TTTTGTTGCCCCCAACCGCTTCGTTCT,8,2
CTCAAGCGGCAAGTCTCGTAGCTTATA,8,2
AAAGCAAAGTTGTCTCGACACGGAATA,8,2
AATGCGTACCCAGCGGGCCGAATGGTA,8,2
TCGACACGGCAAGCGTATGAAGCGTTT,8,2
TGCCGCGTGGCCCAGTAAGTGAATGGA,8,2
CATCACGTGGGGGCGCCCAGGTAATAA,8,2
ATGGAGGCACCATTCTGCCCATATGCG,8,2
AGAAAGTCCTCACCAATGCTGCATAGA,8,2
CACAGTACAGAACTGACCCTAAATCAA,8,2
CCAGAGACAGTGATGGACCCGCGGGGG,8,2
AGGCCCCCGCTTGTGAATAAAATGTCC,8,2
CGTAATCAAGGTCGTACACAAGGATGA,8,2
CGGCTAAGAGCTCAGATCTTACGATGT,8,2
TCGCTTTCTCGCACGCAGTGCTAAGTA,8,2
GATTTCTCGACCTTAGTTGGCCGGTTG,8,2
TAATAGTCGGGAGTAAGACACGAGCCG,8,2
TAGAGGCTCCATTATCCAGACGAACTT,8,2
ACTCAGTGGTGCAGTCCAAGAGATCGG,8,2
CCATTTAGTCTAAGGCGGCTTCTCCGG,8,2
GATGGACATCATTAACGGGGGATGGTA,8,2
TTTCTTTCTGTAACCCAGATTGGAGAG,8,2
TCTCTAAAATGACTGCGGGCTGTGCCG,8,2
TGAAGATTTAGGTTTTACTCGGACCCT,8,2
CCGCGGGGCATTCGCACTCTGTGTGAG,8,2
AGGGTGTCTCCCACTAAGAGTCTGCTC,8,2
GATAAAGCTAGTCCACTGGAGCCGCAG,8,2
GCGGATTGGACAGTCTGGAGAGATTGG,8,2
GCGCCCGGTTTTGAAAAGTCCCAGGTA,8,2
GCGACCGCACTTTTCTGTTTCAATGCA,8,2
ACCACTGCAGTACTCCGCGCGAAACTG,8,2
AACTTTGAACTAGACGGTAATAAAGGC,8,2
GGAGCTGTGGAATACCGCTTTGTATTG,8,2
CAAAACAAACCAAATAATGCAATCGGC,8,2
CGTATTAAACCTAGATCGTTCGGGTTC,8,2
TTACTAGATCGCTTCCCGTTCTTGCGC,8,2
AACAGTGGGAGCGTGAACACCGAATTC,8,2
CCTTGAGACTGAGCAGAATGGTCGCCA,8,2
AAGATGAACCTTTAATACTTCTTGATT,8,2
TTTGTGTACTCAGCAGACCGGGACTTA,8,2
TTCCTCGAAGTCCTCCCCTTTGACGCA,8,2
AAGTTTTCTTAGGTAACTTCATCAAGG,8,2
CGTATCCCCCCGTGACACTAGACCCGT,8,2
TACCATTAATCGTGTTCAGAGGGTCGC,8,2
CTAACTGAAGTATGGCTACAGAAGGAG,9,2
GGGAATTAGATACCGCATTCAGTGTCA,9,2
TGATGGACCCGAAGGGAAGACAGGTAC,9,2
GATCAGTACCAGGCCCTTCCGAATGTG,9,2
AATCTAAGTGCCCCACGTCGTATTAAA,9,2
GATTCATCTGCCTACAAACTCCTCATA,9,2
CGATAGCGGCGCACGTGTTTATTATTG,9,2
ACTCGAGTTGCTGACGCTTCGCACGCT,9,2
ACGCTTGTTATCTGTACGTACACACGG,9,2
GTCCGGGCCGTGTGGTTCCCGATTCTA,9,2
TGTGTGACACCAAGATAGCTTCGGCGG,9,2
CCCGACCTTGTCCGGGGTAGGGCGCGG,9,2
GGTTCCCGGTGTAAGCGTTATGTGGCT,9,2
TTACTCCATAACCCATGGTGAGCCGAA,9,2
GTAATCGTTCTGGGTTTTCTTGACAGC,9,2
TAACTTCGAGTAATTTTGCAATAGAGG,9,2
GACGGTTTATCTAGATCGAATGTGAGT,9,2
GCAAACATGGGATCACTAGTTTCTGAT,9,2
GGCTCCCATCCCTCTACGATTAGTCGC,9,2
TGCCGTTTCCCCGAGCATACGTTAGCC,9,2
TTGCGCGATGCCTTGTAGATAATCCTT,9,2
ACCTGTTAGCAATATGATACACATTCA,9,2
GAATATCTCAGGTGCCGGTTCAGAATA,9,2
TGTTACTTTTCTCTCAAAGCTCAGTTT,9,2
CAGTGCCTACAGGAGATCCAAGTGTGA,9,2
ACGGATTATGGCTTGGAATGATCATTG,9,2
TCCGATGGAACTCGGGGAGCTTAGTCC,9,2
TGACCCGTACTCAAGAGAAGGATGCTT,9,2
GGTGTCTTCTCGTTCATATAGGACACT,9,2
CGACAAGAACATCTCTTCTTAGCTCTC,9,2
GCGTTCGGAATGACTATCCATACCCCG,9,2
AAGCCTTGTGGGCTCCAGATTAGTGGA,9,2
CGAGCGGCGATCAGCAATGGGACCGGT,9,2
TAGGCGTCGTTACCCCTGCCGATCGTC,9,2
GACCCCTGAAGGGTACTAAAGTATGCG,9,2
AACTAGATTAGCCGGGCTTCTGGACCA,9,2
CCCACAGGCTTGACTGATGCGACATTC,9,2
GCTCAGGGAGCGAAACTATCCATCCAC,9,2
CGACTGGCATTAGTGCCAACAGGCCAA,9,2
ATACCGCGAGTCTCCAGGAGACAAGCC,9,2
GCGACCCTATCGTACCCGCTGGTTTTG,9,2
GACACCCTGACATTCGCCAGAATCTTG,9,2
TCTCCGAGCCTTAATCAACAGCAACTT,9,2
CCTGGACTGCACCCTTCTGAGATGCAG,9,2
GACGGCTTATCCCGCTAGTGAACGGGG,9,2
AGATTCGAGGTAAACGGCCCAGGTTCA,9,2
TATGCGGGACCATTTGACGTGAATTGG,9,2
CACCCCTGTGAACCATTGGTCAAAACG,9,2
CAGTCTTAATAGAAGTGTTTGCTTCCA,9,2
TCATGTCTCACATGTATACAACCATTA,9,2
CGCCGGTATGAAGCGAAGACCACGCCG,10,2
CGTTTCCGACCTGTTTCGTTCCGGACA,10,2
GAGTCGTCGTTGTGATTAATAACGTAG,10,2
CTAGTAAATTGCTGCCCTGTCGCGACT,10,2
TGTTTCCCTGATTAGCAAACTCGTCAC,10,2
GTCCACGATGGCACAGAATTCAAATAA,10,2
GTCTCCTTCGTTTTGCAGATGCACGTG,10,2
GCCGGGATCGTCCTCTCCCAGTAGGGA,10,2
AGGGTGCGTCGTTTGTTGTTAAATTGC,10,2
CAATAAGGCTGGATCATGATGGTAATC,10,2
TGGGGAAGGTGCGTGAACCCTACTTTC,10,2
CGATAAGCTATCGTAGTTCGACCATCA,10,2
ATCCGGTCCTGGTGTGGGAGGCCTCAA,10,2
ATATCCCCTCCTGCGCTGCGACATTGT,10,2
ACCGGTCTGTTCGCTCACAATGTCGTG,10,2
GAGGAAGGCTACAGGTTGAATTCCATC,10,2
TTAAAACCACACGTATTAGATTAACAA,10,2
CCCTTTGATGAGATTTTCCCCCAGGTT,10,2
AGCGACATCCAACACAGGGTCCATTTA,10,2
ACGTCGGTAGGTACGATTATACTGTCG,10,2
ATAGAATCATAGTTTCGGCCGGTGGCC,10,2
ACGGACTCCTTAAACTGTTTTGGTACA,10,2
CCTCGACCAAATTTCGGTCATATCAGA,10,2
TGGTCTCTATCGAACAGTAAAGGTGGT,10,2
GGTCTCAAGCTGATAATTGACCCTTAT,10,2
GAATTCTAGGCCTTTGCGCCGAGAGGG,10,2
CTGATAGGTTAATAAAAAAAATCGGTC,10,2
TAAGATCGGAAGGGCCGTACACAGCTA,10,2
CTCCGCACGTTGGCCACCTGCGTGCAC,10,2
CTTTCCCTTAGTCTTGTGTAGTGTTGT,10,2
AAAGATAGCGGAAGATGTGATATGTAG,10,2
TAATACCTACTCTAGCCTTTTCGAGGA,10,2
GGAGGGACGGTTGAATATCGTAAGCCG,10,2
TTCACAAGTTTGACCTCTCCTTATCTT,10,2
CCTGGTCGTAAATAGCTCCATTTTCCC,10,2
CATAAACCCACTAGTTTTACCTACCAG,10,2
GTGAGTACATCACTCACCTTCATCAGG,10,2
ATAGCAACGTCTCAGCGAGGATTCGAA,10,2
CTCTCGAGTACAGACGCGTCACAATTT,10,2
GGCGGAGTATTTTCCTATTGCTCGTCA,10,2
CTGCCGTACCTGTGCGGGCACTCGTGC,10,2
TGTATAGCCTGTCCTGCAGACAACTGG,10,2
GGTTGAGGTCACCGCTACGCAATATTA,10,2
GTTACACGTCAGAACTGCCAAAACGTT,10,2
ATGTGGCTCTGCTTACACTTCTTTCTC,10,2
TATGATGTTAAATTCTCTACAAATACC,10,2
GAATTTCCGCCGGATGGTATTCTCCCG,10,2
TACAGGGCGATGCATCGTTGCTCCCGC,10,2
AGAGTCCAATAAGCTGGATCGGTCCGC,10,2
CGTAACGTCTTAAGTAAACCGCTCGCG,10,2
CGTGCAAGCTCAGCTAAGGAACAGTAC,11,2
CGCGTGCAGAGCATGAATCGGATACTC,11,2
TGGTGTATAGCACCATCTATTATAGTA,11,2
GATGCCACCTGGTGGGGTGCTTTCTCC,11,2
CCGGGCTTCTTAAGAAATCACGACGAG,11,2
GTGCTCTATTCCCTTATCTCGGGCGTG,11,2
CATCGATCCACTGTATTGCTCGATCAT,11,2
TAGACATATAACTTCCTCTCTCAACAT,11,2
GTCCTTGCAAAGCGGAAGGTGCCGCAG,11,2
GGAGTTGAGCTGATAGATCTATGGGCC,11,2
CCTGGATCCATTTCGAAGGTTCTCTGG,11,2
CGACAAAATCGGTAGTGTGGTACATCG,11,2
AGGTAAATTACAATAGAGACCGTATTT,11,2
GCGGGCAGACGTTATCCATTCAATCAA,11,2
AGGAGGGAAGAACTGGTGCGTTTTTGG,11,2
CGGTAACACCGGGCGCACTTCGGAGCT,11,2
AATGCTTCCTTTTCCAAGTGGAAACAG,11,2
GGCTGTGTTCTTCAGCACTGTTCGAGC,11,2
AATGTTAGAATAAACTGCCCAGCAACC,11,2
AGTGGGCCCAATCGCAAGGCGATCGGC,11,2
GGTGGCTTCAGAAGGATCGACACAATT,11,2
AAGACCCTCAAGAACCTGGCTTCCGTG,11,2
ATACAACCGCCACAGGCCGTCCCATGA,11,2
TAGTAACCGTACGAATATTGGTTGCAG,11,2
ACATTGCGTCTCCCAGCGGTACGAGGA,11,2
GAGATGCCATCCGAGCGCTATGTTACA,11,2
AGATCCCGACGTTCGCATGTAGCCGCG,11,2
AGAACAAGAAATGTGGGACACCGGGTT,11,2
TGAGGAGTAGTCGTAAGGTAATAGAGC,11,2
GGCGACCAGCCGTACTGTGTCCCTATT,11,2
TTGGCTTTGCATAAAGAGTCTCCCCGG,11,2
TCCAGGTCTCTGGTCTCCGGCTACACA,11,2
CAAATCATCCTCGCTTAGGATGGAAAA,11,2
AGCCATAGCTAGGGGTTTGATAGCGAC,11,2
CGCCACCACGCGCATCGCGGACCGTCC,11,2
CGTAACGTGGATCAGCGTTAGCCGAGT,11,2
AACGTCGCACTATATACCACACTACAC,11,2
CCGTGGCCACAACGACATTAGGGCCAT,11,2
AGAGACAGGTAGTCTGGTGTATCCGAT,11,2
CCGTAGCGGCGTCCCCTTAACTCGGTT,11,2
TAGTGAAAACCAGAACTGTTCGTGCCT,11,2
GCATCGGCGGCTTCCCCGCATTCTGGC,11,2
CAGACAGGGAAACTGTATTACGCGGTC,11,2
TCTAGGACCCCGGTACGTCACCTATAC,11,2
ACCAACTCCAATGCACCGTTCTTTGGT,11,2
GGGAGCTATACTAAGGCCATTCGCGTA,11,2
AGATTACCCCGGCGCGGGTGGTAAAAA,11,2
GAGTGCATTATGATGCAATACCGAATC,11,2
CAGCGCCTTCATCTCCTGTGCGTGCAT,11,2
CAGTATATAGTAAAGGCCGTTCCTCGA,11,2
CTGAACGTGCCCAACGAGAGGCCAGTT,12,2
TCTTGACGAAAGGCTCGAGCGCTCAGC,12,2
GGGTCCATGGATCAGTTACCCCCGGGT,12,2
TGGGCATGCTTTTCTAATCTGTTTTGT,12,2
TGCGTATACTACCGTCCTGAAATACTC,12,2
TATCATCAGGGTGTATTGAGGATGGGT,12,2
GAGTAAGCAAATGTACCTTTTCCGTGT,12,2
AGTCTTCAGTAGAGTGCATCGATAGTT,12,2
GGAATGTTACTCCTCAACACAACTGAA,12,2
CGCGGTGTTATCTCTCCTGTCATCTTC,12,2
ATCCGGCGGGAATCTACACCGATAGCG,12,2
AGCATGCTCTCAAAATGCGAGCTCTTA,12,2
GGATACAATAAGTGGACAGCCGATTTA,12,2
CGAGTTGTTAGTGTAGGCGATCGACTC,12,2
TCCTCGTAGGGGGTTAGCCCGCTCCTT,12,2
TGTTGCGTGGCAGAGTACCACCTGTAG,12,2
AAGCGCAGAGTAATCCACCCGCCCGGA,12,2
AAAGTCCCCTGCGCCATTACCAATTCG,12,2
GTATAGGTGAGAGCAACGTAGAATAGA,12,2
TGGCTTGAGTCAGATGAGGCGACGATG,12,2
TATGCAGTTTACTGGTTCCCTGGCCTC,12,2
CACTTATGGACTTCCGCGCCTGCGCCT,12,2
GGCCAGATACCCGCTACAGCATCCGAC,12,2
AAGATAAGGTAGAGAGCACATCAGATT,12,2
CCCAAACAATAAACGACACTTCTTCAT,12,2
CCATGTTGCTTGACAGTATATGTGGCC,12,2
GACATCCCTTGGGCGAGATGGTATCGT,12,2
GAGTCGTGACTCTTTTTGCTTAGTCGC,12,2
CACGCTTTCAGTGATCTGCTAGCGCTT,12,2
AGGGGGTTTCGCCAGGGACGGGAGCTC,12,2
TTAACATGTAGGGAATGAGTTTGAGGG,12,2
CCACGAGGGCACCCGATAATTAACGAA,12,2
CCATTGTATTCCCGCGAGGACGGGCCC,12,2
TGTATTTGTGGTAGGGAGCTCCTTTCT,12,2
AATCCGCATTAGCGTACTGATCCGGCC,12,2
CCTCATGATCTATGAGATTATTACCGC,12,2
TAGAGAGACGCAAACTGCTCTACTGCC,12,2
GCAATCCAGAGATACAACTAGGCCTTA,12,2
CGTAAGTATCTAATGTGCAGAGTAGAA,12,2
CCGAAACTTGTGCCTGCACAAGATTAA,12,2
CCAGACGACTAAACAGAGGATGCACCT,12,2
CAAGGAGGCACTCCCCCCGACTACGTC,12,2
CTGAATGCAGCGCTTGGGAGGCGTCCC,12,2
GTCCGCCGGTAAAAGTGCGGTGGTAAT,12,2
GCATTTTGCCCGTACGTAGGACCCTAT,12,2
TAGTGGAGCTCGACCAGCGCGTTCTGT,12,2
GAGGACCCAATTTCTCCTCCTTATTCA,12,2
TCGCCCGTCCTGCTAGCCTCGGTCGTG,12,2
ATGTTGGAAGGTGGACATATGCCCTCG,12,2
ATTGTCATTATTAGAACAATAGCCAGT,12,2
ATACCGACTCCTCCTATCGTAGAGAAG,13,2
GGTCTCGATAGGCTGCAATAAATCATT,13,2
CCGGTAGGGCGTCGTGAACTACTACTT,13,2
TGCTGTGTGATGAAGTTACGCCGGCCA,13,2
AACAACGGTTGAAGACTAGGCTACCCC,13,2
CCAACCTGCCCCGGATCATTCGCGACG,13,2
ATGGATCTTCACACGGGAATTCCTATA,13,2
ATTAGCCTATCTTATTCCCGTTGTACC,13,2
AATCGGGCTGACAGAACATTCTGCTTA,13,2
GAATGGTTCCTCATTAGAACACAGGAG,13,2
ACACAACTTTCCGCTAAACGGTTAGAT,13,2
CCCTTAGTACCGAGTGCGGTTAGGCTT,13,2
AAGGTAACGGTAAGTGTTTTAACTATT,13,2
CTATGGGATCCATTTCAGAACATGTGT,13,2
ATCATTCGGGACCTGTGCACACTGCCT,13,2
GAGTCCTACATAGCGACCAAGTCTAGA,13,2
ACGGACGGGATCCCCAGTCTCCCAAAA,13,2
GTTGCGATGTCGAGTGTCTTCCAAACA,13,2
AGTGCGCAGGCTTGTCTCTCATTGTGG,13,2
CCACATATGCCTTCTCACAACTGTGGT,13,2
AACGTTAGTTGCGTTCTTCCATTAATT,13,2
ACAGAACATGACAATCGCGTGACTCCA,13,2
TCTTAGAATAATAGCACTCAGTCAGAC,13,2
TATCTCCCTCCTTTATCCGCGGCACAT,13,2
CAGGCGGCACGTCTTGTCCACATAAAG,13,2
TAGAAACTATCAGGTGCGCCTGAGTCT,13,2
GCCCAAGTTACGGCCTGCTAACAGACT,13,2
ACAATTATACATAATACAATACCAAAA,13,2
AAACCAACCTTCTGAAGATTAGGGGTG,13,2
GGTTTCCGGCGATCCACGCGATGGTTA,13,2
GATAATATATCACGACCCACTGGGTAG,13,2
TCTAGTGGGCACCCCTCTGCGGAGCGC,13,2
CTCCGGGTGTGGACGTGCAGATGCTCT,13,2
CGTCTAAAGATCACAGCATAGTCTTTA,13,2
ATACCGACAAATGGCCAACAGACTTTT,13,2
CGAAGGAATGACTTTGTCTCGCTCTCA,13,2
GCGAAAACATAGAGAATTAGAGGTCGT,13,2
TTATCCTTACAAAGCGTAGGGCGTGTG,13,2
TCCGGGTAATATTTGCGCCAGCGAGGC,13,2
GCCCCGGCACATCGCAGCTACAAGGTA,13,2
GCGACTTTACCGCCCAGTGCCACGTGC,13,2
CGCGTCCAAATGGACCTTATTAAGAGC,13,2
GACGGGACGTATCCTTATCTTACTGGC,13,2
TTATATTGCGGTAGCATTTCGCAGGGG,13,2
CGATGTACCGGTTTCCAGCAATGGTGG,13,2
CATAGTAACCTATGGGCTGGCTAACGA,13,2
AGGACCAAATATTGCGTGCTGTCAAGC,13,2
AGACAGACGCTCCCGGTCCATCAACAT,13,2
TTCTAAAGGTGCGCATTCCAATTGCCA,13,2
GTGCTGGACGCGGCGTCAGTGCACCGT,13,2
AGCTAGTTTTAGAATCGACGCTAATAT,14,2
TAGTAGGCTACATAGGAATGAACTGCG,14,2
GGAAAATCCCACCGCTTCCACGGACGT,14,2
ATCTCGATAAGTAAGGAGCGACTGGAA,14,2
GGAAACAGCCTGCCTGTGGGAGTGGCG,14,2
GTAATGCTGAACTGATAATGTTTCAGA,14,2
TCGTTACCATCACTCCCGGCCGAGGTG,14,2
AGCACGCAATTCTTATGCTAAATGCAC,14,2
AATCACCGCCAACCGCAGTCTTCTACA,14,2
ACATTGGGCCTGGCTCTTTCCACAAAC,14,2
CTTATCAGCTCACAAAAACTCACGTCA,14,2
AACTGCGGGAATGGTTCTCCATTTGTT,14,2
TAGCCTACTTCGAAGGTTTGGCTACCT,14,2
TGAGCACTACTCTTCTGCGGGAGGCGT,14,2
GTTGGGGCGTCGTTAAGTGTGCCAGGT,14,2
CGCGGGTGATCCTAGCAGGTCCTATTT,14,2
TTTGCGGGTACGCACTGCTGATGAAGG,14,2
GAAGGCCCAGGCTGACCGTAGCGACAA,14,2
AAGCCACACCTGCATCGATCGCACCAA,14,2
ACTAACCGTGTAGCGAGCTAAAATCTA,14,2
CACGGAACCAAGGGCGACACAATGAGT,14,2
CGTGGATCCGAGGTAGACCGCTAAATT,14,2
CGCGCATCACGCGGCATACTTCCTAAC,14,2
CGATGGGTGATCCGGATGTCCCGTCGT,14,2
ATCGCATGCACACCGAATTTAATGTTG,14,2
GAACAATTTCTCGAAAATATACAGGAA,14,2
TAGGAAGTGAAAGCTTCGACCACTAAC,14,2
GATTCGTTTGCTACGCCCGGTGTGAAA,14,2
GTCCTACGAGAAGGAATATCGAGCTCT,14,2
CTGTGGCTTAGAAGAATAGGCATACAG,14,2
TGCAAAACCGCGAACATCGCTGCATGC,14,2
GACTGTTTTTTAACGCCGGTTTCCTGC,14,2
ACGATTTGAGAACTCTCCATGGGGTGG,14,2
ATAAAGCTCTTGTCGGTAGTAAACGTG,14,2
AGCTTGCACATGTCAAAACAATACAAT,14,2
GAAAATTCCAACTTCGCAAGCGCGCCG,14,2
CGTCCACGGAAGTCTCAGTGGTATCCA,14,2
AATTAAGCATACCCCACCGTAGACGGT,14,2
TACATAGCGCGTCCCCCTCGTCCGGTG,14,2
GACTACCGAACCAAGGAACTGCCGAAG,14,2
GACGAAGGAGTAAAAGGTATGTATTAC,14,2
GCGTGGATTACCGCGCGACTGATAGTC,14,2
GCCCTGGCGAATGCGCTGGCGCTTGCT,14,2
ACGAGATAATTAGGTAGCTTTCTTAAT,14,2
ATGTGTACTACTTTCGTCCACTTAATT,14,2
TGAGTCTGCAGCTCACAATTCTACGTC,14,2
CCGCGCTAGTCGAAAATGTTATATACT,14,2
CCATGCTAGAAGCATTCCCTGCGCCAA,14,2
CTAGACTGACTTTGACGTAGTGATCTG,14,2
AGTCGACCGTTAGCGTCGTTAGATGGG,14,2
AAGGGGCAAGGTCTGGGGCCGAGCGTA,15,3
CTAAGGGACAAAGGTTTTAACATAAGC,15,3
GGTACTTGTGCACTGTCTGATCCTATT,15,3
TGTTATCTGTAAGAACATGCCGGACAC,15,3
AATAGGGGACGAAGGTAAGTCGTGGTC,15,3
AGCGTAGTCCCGCAACGGGCCTCTGCT,15,3
GACTTTGTGCCCATTGCAGTCCGTCTA,15,3
AAATATCTTCCGACACAGCTCTCCGAA,15,3
TTTGGTCCATAAATCCCGCTTAACTCA,15,3
TTTTAAAGTGTCACCATCTCGACAATT,15,3
AGGAATAGAGGATGCGTATCATTACTT,15,3
GACTATAAGTTTAATTCATTATTACGG,15,3
CTTTCGCAAGCTGGAATTGGCTGTGTA,15,3
TCTTCATCCCCTACTACGCCAACTTTT,15,3
CGCACTTCTTTGTCATCTATCGTTAAC,15,3
TAACAATCTGGCGGTTAACCCTATTCC,15,3
AATATATTTGCAAAGAATTTACCTCGT,15,3
TACGTAGTGCGATACGACCAATTCGCA,15,3
AACCGGGGGTGGATTTCCGGACGCAGA,15,3
GGGAATGGAATTATCACCTTACCGTGG,15,3
CATATAACCTATCAATCCCGCGGCAAT,15,3
AAGGACTATCTATGTGCTCCACAAATC,15,3
CGCGCTCTAAAGGTGCGACTACGCAAG,15,3
TCGTATATATGCGGAATAATTCGCTCA,15,3
AGACCGGGTAAGCAAATTGTCCGTTTA,15,3
GACGCGCCCTTTGACCAAATCTTAGTG,15,3
ACGGACATCCTGTTTATTAATAATAAA,15,3
CATGCAAGTCGAAATGAAAGTTCGTCG,15,3
AACCCATCTGGGGGCTTCAGACCGAGT,15,3
TAGCGCCCTATACTGCAGCTCTTTCAT,15,3
AAGAAACGATGGCCTAACAAGCGATTT,15,3
TATGCTAGGCTAGAAGCTCAGCCCGTA,15,3
TTGCCCCTCTCGTCGTAACCTGATAGA,15,3
GGTGCACGTACCTGGCCCGCGTGATAT,15,3
CCTCGCAATCCGTAGCCGGTGTAAGAT,15,3
CAGTTGGGCTTGCGGCACGCAGGGGTT,15,3
ATTAAAGGTGACGCAGGACGGGCCTCG,15,3
CAGAAACGTCCCGGCGCTCGATCAATT,15,3
ATTTCTTCTAGCATGCCGTATTTAGGT,15,3
GCAGGCGACTGAGTTTTTGCAGTTTAT,15,3
AGTCTGGAAGTGCTCAGCGCAGGCAAG,15,3
GCACCTCGCAACCCCGGAGTCAACGCC,15,3
CGCTAGTTTAACAACTCGATGCGACCA,15,3
TGGCCAACGTGCAGGGGCAGCATTTTA,15,3
ACATGTGGAGAAACATCGCGATGGTCT,15,3
ATGGCTCGTCTAGCCTAGGCAATGTCC,15,3
TTAAGCTCTAGTCGTCTTTGCATATAC,15,3
ATTCCCGTAATAATTACTTTGCGGATA,15,3
GTTCCTCGTATGCATTCGTCGCCGATC,15,3
CTCGGAAGGTAGAGCCTCGGTTAAGGT,15,3
ATAACCATTCTTATTGTCTTGAGAATG,16,3
TCTTAGAAACAAAGGTTCCCGGGTGTA,16,3
TATATCCCTTTGGAACCCCGTACCTCT,16,3
AACTTCTAAAGCGCGGATGGAAGATTA,16,3
CAATAGTCGTCAAGTATCACACCGGTA,16,3
CGCATATTTTTAAAGATCACAGATCCA,16,3
TAGGCCTAAGATGCCTCTTATATACAG,16,3
ATCGCTGTGGATCTTGGATATTAAGGG,16,3
TAGAAACTGACTCTATAATCCCGACGA,16,3
GAACTTGAGTACGGCTGTTCTCCCTAG,16,3
CGGTCCTCATGCCCTATCGAGTTAGTA,16,3
TTTTGCACTATTAGGGGATCCCGCTCG,16,3
TACCGACCAGCGAGCGCGCCGAAACAC,16,3
AATCTTCTACCGTGCCTACGCACGCCC,16,3
GTACCGCCGGTGTTTTTATAGCGCGGC,16,3
TCATAGGACCCCATAGGTCAACGAATA,16,3
CGCAAGAACGGGGAACGAATCTCCTCC,16,3
AGTGGATTATAGGTGAGACAATTAGCG,16,3
TCAGGGTGGCTTTCAGGGCCGTTAAAA,16,3
GCAAATACAGTATCGACATCAGCCATG,16,3
GCTGAGCTGAATCATTACAGGTGCAAA,16,3
ATAGTTATCGTAGGCGGCAATGTAATG,16,3
AACATTCTATATCATACGCGGCTTCCC,16,3
AATATGGCCGTACATTGACTCCCAAGC,16,3
AGTATCTCGGGGCAGGGGTTCGGACTC,16,3
AGATCGTCTCGCTATAAGAAACATTCC,16,3
CAAGGAAGTTGGACGCAGACCCCTCGT,16,3
TGGTATCCGCGTTTGTCAAAGTCCACT,16,3
TAAACGCGCGTCTAGAATCCCCATATG,16,3
GACCCAAGGAAGAGCGGTTCTTTAAGA,16,3
AATATGGCGATTGTTACCCTCTACGTC,16,3
TCACTACTCGTTCACACCACGCAGTGC,16,3
CTAATAAAGAGCGCCACTGACGGACAC,16,3
ATCTATACTGGATGGTCTCAGGAAGCA,16,3
ATGGAGATCTATGAATGTAACTCAGGG,16,3
AAATAAAATCCCGGGGCCTACGTTGTT,16,3
AAAAAGCGCAGTTATCGAAACCGTACC,16,3
AGCGTGGAGGACCGCTGAGGTGGAAAC,16,3
GCCGCAAATTTTTCGGCATCAGGTATG,16,3
TAAATCTGATAACGGCCCATTACTTGG,16,3
TGCCTCGAATAGCACGTATGGTTCGCC,16,3
AGCGCGGTGCCAGGCCTATTTTCTGTT,16,3
TTCGGCAAGGTACTTAAATAGACATGG,16,3
TGCAAGCTAAAACGATACATTCGCCCG,16,3
GGGCGATTAGCCAACACCTGGAAGCGC,16,3
AAGCATCTTAATCCCTTGTTACTCCGT,16,3
GAGAACGTATAGAATTACTACGACGTA,16,3
TATGGTCAGCGTGTGGGCCGGTCGGAC,16,3
CGACCTGGGGCGCCTCCTCAACACTTT,16,3
CTAGTGCGAATGTCCTCGGTTCGTGAG,16,3
TAAGTCATAACTGAGCTGGACCTTGGT,17,4
AACCCACGGCATCCTCCTTTGCATTGA,17,4
CCATTTTAGGACCGGTCCGTGTGCAAC,17,4
AAGTGGTGGACGGTTCAGGGGCAACTC,17,4
TCGACGCACCATTGGGCACCGTGAATC,17,4
ATAAGGCATCCGGCCCCTTATGAGGGG,17,4
GGGAGCACTTCATGCCGTCGCCCGTAT,17,4
GGTGATGGTACGGTTACTTCAGCATTT,17,4
TTTTGCCGAGCGAGATCTATTTCTCGT,17,4
AAAGAACTCAGTTGACGGAATAACTCA,17,4
CCTGGCGACTGCATCAGCTTTTACGTA,17,4
CCATACGATGTTGCACACCGTCCTCAC,17,4
CAACATGCGTCAACGTCACCTCCGCTG,17,4
GTTGGTGCGGTATATATGTCTTATGCA,17,4
TGTGTGATATGAGATACATCCCACAGA,17,4
GGAAGGTCGTGCCGGATGACTTTTTCA,17,4
ATACCCGGACGCAAGCCTTGCCCACTT,17,4
TTTGCGGCCTTTCACAGTTCCTCCATT,17,4
TGTTTTATATGGCGTGAGATTGCTTTA,17,4
CCGTCACCAACCCATTTGTGGAGCATT,17,4
GCCAACGTGCTGTCTACTGAACCTAAC,17,4
AGGATAATTCCCTCCTTTCTCGCGTAT,17,4
TACTCGCGCGTGATGGTTTCAACTATT,17,4
GTTCCCCTACTTGTCGGAGGGTTGACT,17,4
TTACGCGATCTCACGTTTATCGTTGAA,17,4
CAACATGATAAAGATTGTCGGACCAGT,17,4
AGATATATTTGAGCTCTCGCGTAGCAG,17,4
TCGCGTAATACCTGTCACCGGCGTCTC,17,4
CTTAACACTGGTTCTAAGCACGGGAGA,17,4
CGACACAATCACAAGAATGGCACGCGA,17,4
TGCACAAAGAGAGAGTGCGAATCTTTT,17,4
GTCTACGAGTCTACTGTCCACACAACC,17,4
GTTAATCACCAACAGTACCCGCGCAAT,17,4
ACGGGACCCGGACGTGCAAAAAGACGC,17,4
CAAGTCTATCAATGCATCTGCCACCTC,17,4
CGGACGTAGATTATCTCCCACCAGGTC,17,4
ATCCCATCCCGCAATAACGAGATTTAT,17,4
TAAAAATCGAGCCAGACCTCACTATTC,17,4
ACCCGGGGATTCTGATTGGATATGTCA,17,4
ACTCGCACAGACCACTCAATGAAGCGC,17,4
ATCCGACGCCTCACGCGCCCCCCACGC,17,4
TCCTTGCTCTATTCTGGGCTCTAGGGG,17,4
ACATAGCTTGGAGAGTAGTTGTTATTA,17,4
TAACAGTAACTCGTCTCCGTAGATCAG,17,4
CACCACCGGCCGACCGGCTGTGATTGA,17,4
CAGTTTGTTCACATAGATTCTAGTGTG,17,4
CACGGGCACAATCCAGTGGAGCGAATG,17,4
CCGCTGAGAAGTGCTCGCGAGGAAAAC,17,4
CTTCCTCTACCTGTTGAAAAACACAAG,17,4
AGTCGCTCGCCCCCAGGCTTGCTCCGG,17,4
TCGAATGATAACCCATGACTGACAAGC,18,4
GTCGAAATAGGAGTGGTGAAGAGTTAA,18,4
TGCGGCGATAGTAGTCTGGTGGTATGG,18,4
CCTGGAGTGTCCATTGGGTATTGAGCA,18,4
GCGGGAAGAGGAGAGTTACGCCTGACT,18,4
ACGGGCAACCAGTAACGCTAATTACGT,18,4
GCTTCTCTGTGAATATGAGAGGACGAG,18,4
GGAATGACTAGGCTGCCCGATAATAAA,18,4
TGACGCTCCGAGGGCGCATCGATCCAG,18,4
GTTAGTGGGCTCATGACCCGAACCCGT,18,4
TAAGATTTATGAAGACCTCCTCAACAT,18,4
GGTGCCTCGTTTCACCGGTAAGAGACC,18,4
TGTGCATACGGTTCTATTAGAACGTTT,18,4
GCCTGATGAAATGCGTACCATTCGCTT,18,4
TAGCAATTGTTAGGACGGGTCGTGTCG,18,4
AACGCGGTCGGGTATGTGTGCCTGTAT,18,4
GGGTACAGATTCCTTCGCAAACTAGCA,18,4
GCTTATTCTTGCAGAGGAAAGCTATAA,18,4
TCTTCCGACAGGAGTCTCGGATCTCGT,18,4
CCTAACTTCATATGATTAATATGCCTC,18,4
GCACACTCGCTTGCAAGATTACGCTTT,18,4
CGTACCGCACCATCCGTCACCTCCTTC,18,4
AGAGGGTGATTCAAGAACATAGGCGTC,18,4
TCGCGAGTTTATATCAGTGCCCTTAAC,18,4
GGTCGAAGACGGGCGGTCCGTTCCTTG,18,4
CCAGTTCCCTACCCCGAATCTTTGCAT,18,4
ACCCGCGTTGCTGGAATCCTGAGACGG,18,4
AGGGAGACGAAAGTAGGGCACCCGGTC,18,4
GTTGCAGTGGGTTATCCGTGAGTGCTA,18,4
TCCGGGACAAACTAGATATAGTTACTA,18,4
CCCTTCCCCGCCGACGGTTGTCCGGTG,18,4
TCTCAAGGGATGGTTTAAAACCCCTGA,18,4
ACATCAACGATCTCGTTTTATGGCACA,18,4
TGCGCGCCGAGGACTAAGGCTTGAACC,18,4
GGGGCTACGCACGGCCCTTCCTGGACC,18,4
TATACTACACCGAACCAGTGAAAACTT,18,4
AGATACCGGGTACTGCCCCCAAGATAG,18,4
CATTGACTGTAATTTCGCGCTTAGGCC,18,4
ATTGGAAAGACCCTCGAGTCCTTTAAC,18,4
TCAAGATTTCAATAAAGTCCACGTGTG,18,4
GGTTATTGGTTTTAATGAGGAGTTACT,18,4
AGGCTCGCCCTTCACACGACACAAATT,18,4
AGTGAGTAGCGAACTCCTTTAGCTCAT,18,4
CGCTGGCGGTAGTTACGTCTCGAGTGT,18,4
TGACAGGAACCGCGTCTAGACCTGAAT,18,4
TCCTCTACTAAGCCGGGTGGACCACAG,18,4
ACTGACACTTTGGGGACACGGTGATAG,18,4
CTGTGTCACATTTAGACCCGACTCCTT,18,4
ATAATGTAAAACAATTTCAACAAACGA,18,4
GGACCCACGCACACTAAAGGACCTGGG,18,4
GCTATTGTAAGCAGGCGGGCCACGTTA,19,4
ATAAAACAAGGTAGAGCCCAACCACAC,19,4
GAAGACTACGTTTCAATATACACCACT,19,4
TTATTTAGTACAGTCAAGGCCGCAACA,19,4
TTGACCTTCTAGTCGAAGGTTGCGGAT,19,4
ATCTCGCTGTATCCGACGTGGACCAGA,19,4
CCGCGTTTTTTCATTAAGCTCTTAGGC,19,4
TCTAGCCGTCTGTCACGTCAACGCGTC,19,4
TTGAGCTGCAGCGTGGTGCATCGGCGT,19,4
TCCATGTCTAGAGTCGGGTGGTAGAGT,19,4
CGTCTTCGATCGGGTGCTACGCATTAC,19,4
GGTGGGTCTGGAGACTCGGTGCTTTCA,19,4
TAGCCCCAAAACCCTAAACCTAACCCA,19,4
CACTGCCTCCTGCGGTCCTTTCACGGA,19,4
CGGGTGGCTGCATGAATATCCGACACC,19,4
ATATTTAAAAAGCTGCCTGGGGCCAGC,19,4
TACGGGTTACCGTTCGCTTATTTAGCA,19,4
CTCGTTTTACTGTAGGGTCGCTTTTTC,19,4
TGTATAGTGCATTTAGTTCAGGCTGGA,19,4
GTCCCGACTTAGTCCAAGAGCATACAG,19,4
GCCACCTTGATGGCACAAGAGGCTCCC,19,4
AGGTAAACGACCATGAGCAATCGAAGC,19,4
CGTTACCTTCCACAGTCTGCGGGACAT,19,4
GGGGCCCGGTGTCATCCAAGCCAGGAG,19,4
GACGCTCGCATCACCCAGGCAGCTAGT,19,4
GTACTGATCCATGTTTAATCGCTCCGC,19,4
CAGTTACTCAAGCCTTTGAAAATTTTT,19,4
TCAGCAGGCAGATACTCTATAAACCGG,19,4
CTGGTAGTCATTACCCAGTCTATCAGG,19,4
GTGATCTTGATGTTGCGGAGGGCGAAG,19,4
CAAAGTCCTTCGCCTCATTCGGTCGGT,19,4
AAGTGAGACTCCAGTTTCATTGAAGCT,19,4
AAGTGACTATCCCTTCTGACCTTACTC,19,4
TCCTTGAGATATAGCGTTTCCCTATCT,19,4
CATAGGGTACTATAGTACGGGCATAGT,19,4
ATGTGATAATGATCGAGGTTACACATG,19,4
TCGGGATCTTCCGCTATCAGCGAATCC,19,4
TTAAGATCGCGTGCACATTCACAACTT,19,4
GCATCCAAAATAACATTTTCGGGACAG,19,4
TCACAAAGAGCCTGCTTGTTCGTCGGC,19,4
GTCCCTCACCTGTAACCATAGGACTAT,19,4
GGGCCGTATCCGACGTAGAGGACTTGT,19,4
CCGTATATTCCTGGTCTAACGTGAACG,19,4
AAGTTTAGGTGGGTTATGTTCGTGTCA,19,4
TTCGAATGGCCTCACCGCCATAGCATG,19,4
AGATCAGGTACAAGTGAATTAATTGGG,19,4
ACCTAAACATGCAGCTATCGCGCGAGT,19,4
AGGTCTCGGGCATAGCGCAGTCGGATG,19,4
AGTTCACCTAGCTTCAGAGACTTGGGT,19,4
ACGTTGCAAAGCAGTCCCCATATATCT,19,4
CCACGCGCGCCCAACTGACCCGATTGA,20,5
AAGGGGACGTGCATAAGTGGATTCCGC,20,5
TAAGGGAAGAGGTGCCCCCAAAGGGCA,20,5
CGGCGCGCATGTATTGTGGGTGCCTTT,20,5
CCACATTGGTCCCTAGTTAAAAGGTCC,20,5
ACATGTGGCTGCGTCGCTGACTGTCTA,20,5
GCGTTAAGCTGATGACCTAATGTCTCT,20,5
TCATCCAACAGATCTGTGCTTGCACAC,20,5
GCATATAGCGCGGGAAGTCCTTAATTT,20,5
AAAGCTTCCGCAACGGTTAGCCGTTCC,20,5
CCGTGGAGATCACTCTCGGCTATAGTG,20,5
TTGCGTCTATGACGGACCGATATCTTC,20,5
GGACTAGGATCCCCGGCCACGCAAGAC,20,5
TCAAGGTCGGGTACTCCAGGATAGTTG,20,5
CCGAGGTCCTTGCACCCAGGGAGTACG,20,5
CCCACCGGGTAAGGGCCAATGGGTATT,20,5
TTAATATGGGGAGAATACATCCGCGTG,20,5
TACACCCTTCCCGTACAGCCAGCGCAT,20,5
CCGTGTCGGGTCCAAAGTAAAGCTATC,20,5
ACATCGTAGCTACACGCATTTAGGCAG,20,5
CCTGGACTAGGCGGGCTCGTCCCTTAG,20,5
TACGACTGGGGAGAGAACTGGCGGAAG,20,5
TCAATATCCGCCTACATTAGGGGCGCC,20,5
AACAGCGGAATGGTGCAAAATCTCCTG,20,5
CTCCCTAATACAACTGGCTGGTAAGCC,20,5
ATCACTTCGGAAACAGCGTGCAGAATA,20,5
CACGGATCCTTTAGTTTTGCTTAGGCT,20,5
AATACGAGCAGATCTAACTGGTAGCGC,20,5
GACGAGAGAGGTGCCCTTACTCTGGGA,20,5
CGCTTACATATACTCGGGGAAGGGTGT,20,5
CACTCAGGCTGCGATCCTTTGTCAAAG,20,5
GAGCGGGTACTCCTTTAAGAACATCTA,20,5
CTGGATCCATACCAACTCAGGGTGCCC,20,5
TAGCAGGTAAAAGTAATGTTTACATGG,20,5
CGTTTGTCACCCGGCTGCTTCTTGAGA,20,5
CTGTCCTCTTCAATGTCCTCTAGTAGC,20,5
TCGTCTGCCTCAGCGAGGTACGCATGA,20,5
CGCTCCGAAGCGGACAGGCCACCGACC,20,5
CCGTCTCAATCCAGCTATCGACGAGTC,20,5
ACCCAAATACTCGCAATGTGTCTAGAC,20,5
CTGATTTGGTACCTGCTTGCATCCTGA,20,5
GAACCACGTTTAGTCATGCCCGTGCTG,20,5
TCTGTCCCAAAAAGTTTGAATATAGCA,20,5
ACTTGTTCCCTCCGGTTTCACAAGAAT,20,5
GTTCAGTTCTAAAAGGGGACTAGATGT,20,5
TGGGTTAACCTGTACCATGGTTTATCT,20,5
TCTCATGTGGCTTATACCTATGATGAT,20,5
CAGAACCGAGTTAAAGCCCACGAAGGG,20,5
GTGGGTGTGGAGTGCAGACGGCGCCCG,20,5
ACTCTTTGTAAATAGAAGCACTGGATA,20,5
TCTTACAAATTTACGTGCCAATAGGGT,21,5
ACCTGACGGCGTTCATAGAATCCTTCA,21,5
GACACCCCACCTTCCTCCCGAGCTTGT,21,5
GCGACGCATGATACGCACAAGGCAAGG,21,5
TTGTCTGGATTACCCGTATCGTTTCGC,21,5
AGTGAGGATAATAAGGCGACAAGGCGG,21,5
CACTATAGAGAGTCCAAAGACACGTCA,21,5
TTTGAAGGTGGGCGTTTTACCTTCACA,21,5
CCTATCTCACTGCACAGCACAGTCTAA,21,5
ATACACGATAATGCCGGCTAATATAAG,21,5
CCGCATCGCTGAGACTCGAGGAAGACA,21,5
GCATACAAGAAAACTGGTCCTAACACA,21,5
TTTTCGAAATTATACAACCTCCCGCCA,21,5
ACATAGACCAATATCATGTAGATTACG,21,5
CCAATGGGTATGCTCATGACTTTCTCC,21,5
ATTCGCGTATACTGCGTTTATGTCTAA,21,5
GATAATGCAGGAGATATTGGTTTAAAC,21,5
CGATAATCTTGACACAAGCTCAGCAGA,21,5
ACCAATCGGCGCAAAGGCGCCATGGAA,21,5
TAAAGGAGAAATCAGCTTACTAATTAA,21,5
TTGGATCACGGGAAAGCAGCCTATGTT,21,5
ACCCAATCCCGACCTACTTTCCAGTAG,21,5
AAGGTAGTCCCGATTGTTATCCTCATC,21,5
TGCTTGCAACAAAGGCTAATGTGGCTG,21,5
CTCCACCACCGCAAACTTTGATCCCTG,21,5
TGCGTGCCAGGCAGGTCAAAAGGAAGA,21,5
GAGACGATAAGCCACAGGCCCAGATTT,21,5
GAGTAGTTTTCGGACCAAAGGTTGCGT,21,5
GAAAGCGGTCAACCCCGCCCTCGCCAT,21,5
TACCTCTCTCACCTTAGAGCTTCGAAT,21,5
CCCTGATTAGCCAGAAGCCGATAGGGA,21,5
CTTTAGAGGGTGCAGAAGAAATCGGGT,21,5
CGTATTGTCCGCATGCCGTCTTCCCCC,21,5
CTCGAAGCATCTCTGGTTACAGTTCAA,21,5
TGCTACGTGTATTTTAGAGGGGAACCT,21,5
CAACATCTGGTTCGGCACTCGAAGTGG,21,5
CAGTTCACATTCATTTATCCTGCCATG,21,5
AAATTAATGCGCCTCGTCTGAGCGTGA,21,5
ATTGGAATCCACGGTCTCTAGCTCCGT,21,5
TGACTGTTATCGAAGCTGACGTATTAG,21,5
CAGATACCGCCCGCCCTTTTCCCATCT,21,5
TGGAACCTGGGAATACGCCGTACAGTT,21,5
CCCGGATTATCAACTGCACGTGGATAC,21,5
CTCAGTGAGCTTGCCTACACCAGCAAC,21,5
GAATGATTTTGAAAGCCTAATGAACCC,21,5
ATCAGTTTACAGGAGAGCCGAACGGGA,21,5
CCTGCCAATAGCTCTAGAGCAGACTAA,21,5
GTAGCAGCGGTTAAAGTTCATACGGTG,21,5
AGGGAAGGTTGCATGGCGTGCCTTCCG,21,5
GGCAATTCCGTTGCGGTACGAAGTGGG,21,5
AGAGATATAGCGTTGGAGACCTTTACC,22,5
TGAAAATGACCACGATTTACACCAGTG,22,5
AATGGAGCGTATTCTAGGACACTAAGG,22,5
TTCAAACGCATGACGGACCCCAGGCCC,22,5
TTTCCCTACATAGTTGTTTGTACTGGC,22,5
CGTTCTAGGTGTTTCAATGTTTCGATA,22,5
TAGCAAACGCACAGTCTCTACCCCGTG,22,5
TCGTGATCCAGTTGGACACATGCTGCT,22,5
CCCCTGCGCACCACCCGCAAATCTTAT,22,5
GTCCGGGCCGTCAATTGCTCTTAGCCA,22,5
ACAGCTACCTGCCTGCCGGCTACGCCC,22,5
AGTCGATTTGCGGTCAGGTTAGGGAAT,22,5
TTTTCACCTTCCATTTGAACGTTTATC,22,5
TAGTGGTGCCTTGTAAGTAGACAAAAT,22,5
GTGCAACAAGATTATGGGACGCACGCC,22,5
CATATCTGTGCCTAATACCACCTCATC,22,5
TGTGTCCAGGTAGGCCATGAGCGAGTT,22,5
TTCGATATGTCCCAATCCAAAAGTAGA,22,5
AACGAGATTGAGGCTCGTTTGGCGACG,22,5
ACCTATGTTTGTTACACTCTTCACATG,22,5
CGTGAAGGTGGGGTATCCAAGATGTTC,22,5
GAGCGGTAAAAAAAAACAGGGTGCTCC,22,5
GCCGTACACGTCGTCAATTGTAGCGGC,22,5
CTATCTAACCCGGCGCGTATATGATAC,22,5
CTTGACCGCGGCAGTATCCTTTGCAGC,22,5
GGCCGCAGAACCAAAATCTGCAGGTCT,22,5
GAATCGTAGTCCAGGACTGACGATCTG,22,5
GTGTAGTGAACTTACAAGCCCACAGGT,22,5
TAGTATAGAGTCGAACACTAGTAGTGG,22,5
AGTGTTGTGAGAGGACACAGCGGACGG,22,5
AGGTCGTCCACACAGCCCGCCTTGGAC,22,5
GTGTCTAGAAATTCCTGGATCTCGGTG,22,5
GTGACGGAATTAGAAGACTCGTCAACC,22,5
TCAACCCAACCTGGAGATCTTGCCTAT,22,5
ACCGATAAATTCTCTCTGGTTCGCTTG,22,5
AGGAGCGTTCGTAGGTCGTGGCCTGCA,22,5
ACCGTGGATATTTTCAACTTTAATTCG,22,5
TGCGAACGACCTGTGTCTCTTAATCAA,22,5
TACAGAAAGATTCCTTTGTATCTAGGA,22,5
GACAGCACCTTGTTATAAAAATTGCGG,22,5
TAAGACAACGAGCGCTAAGTCCCCAGA,22,5
AATACGAATGTACGCGTCACTATGTAG,22,5
ACAAGCATGTGTCCGAAAGTATTTCAG,22,5
TAAACGTTCTGCTGAATGTGCGGGCCG,22,5
GGTCGACATCTATGGACGCGCTAGTCA,22,5
GTCTATGACCCATGTAACCCCTGTGAT,22,5
ATAAGATCTACGTACCCCATCTAAGAG,22,5
ATGATAAGTAACTTGTGGGCCTCTCAC,22,5
GCGCGTTCGTAGGTGAAGCTGGTTCGC,22,5
GGCTTTTATCGCTCTGCGACTCTTTAT,22,5
ACAAACCATCACCTAACCGGGATGAAG,23,5
GGCATGACGGTCTGGTGCAGTGCCCTG,23,5
CGACACTGACGAGTAGTACCGTGGTGG,23,5
ACACAATTGGCTTGGACGTATTCAACT,23,5
GAAGCAGTTGTAATATACTGTCATCAG,23,5
CACGACCCAATAAGACATGAAGGCGGG,23,5
CCGCGATTCCAGTGGTTCGCGGGTCAG,23,5
AAAGACCAACTAGAAACCGTTGAGTAC,23,5
CCTGAAGTTGTCCGGGTATGACATTGC,23,5
GCCGCATGATGGGTATTTAATGATGGT,23,5
GACAACAGGCATATACGAGGCTCGCGG,23,5
ACATTCGTACCCAACCGACCCCAAGAA,23,5
GAAACAAGCAAGCCCGGGACTCAGTAT,23,5
ACCAAGGAGGTACGAAACTCGCATCAA,23,5
GCAAAGAGTCTGCCAATTACTCAGGTG,23,5
AGGATCCCCGAGAACCCTTGATCCATT,23,5
ACATTCTTGTCTCATCGGTAGTTGCGA,23,5
GTCGTTTCAGGTGTACCGATGCCCTTA,23,5
TCCTCTAGGTACCACGCTACCCTGTGC,23,5
ATACTAATGATCCTGCATTTTATTAGG,23,5
TTCCGAAGATCTAAGCAGTCCGTAAAT,23,5
GGCGCAACGGTTCAACACGTGTGCGAA,23,5
GGTCGTCTCTCATTTGAATCTGAGAAG,23,5
CTAACATTAGATACCAACAATTGTGTT,23,5
GCCTACTACGTTTAAGTACAACCAGCT,23,5
TTCTAGTATTAAGAATTTTCTTGGCAA,23,5
TGAACACCGTGGCATGTTGGGCAATAG,23,5
TGGGCTGCCACTGTGTTCTGCCATGGC,23,5
TGTCTGACCATACTCTAGCGGTCGTTC,23,5
GAAAATTCTCCACCCGGGGTAGGGGCA,23,5
TAATGAAGCACAAGGAATGCAGATTCG,23,5
CTTGGCTTGTGGGATGTTCTTACTTTT,23,5
TCGTGCGCGTCTCTGATGTAGGAGAAG,23,5
GTAAAGACATGCCCAACGTTGATAAAA,23,5
ACAGTAAGTAAAGAGAGGGTCTTGATC,23,5
CTCACCAGGCATTTTGAGATGACCAGT,23,5
GGCCGTGCGCATCCGCATAAGAACATA,23,5
ACGGAGCGCGGTACCATTAGTTCTGGA,23,5
AAGGTACTGCTACTGACAGAGAACTAA,23,5
CCGATATGAATTCAAGGCAGAAGTGGT,23,5
GGAAAGAACCCTCCTAGTTGGTATGTA,23,5
AGCTCCCCGGCACGCCCTGGCGCCGGC,23,5
ACGCCCTACAATATTAGTTTGTTATGG,23,5
TTTAGCCGTCCTTTATGCTCCCAGCCC,23,5
TACGGAGTACCCCGGTGACACATTATA,23,5
GGCCGCTACTCCTGCCGGGCTCGTCGT,23,5
AAGTCTAGCCAACAGGAAAAATCTATG,23,5
TTAAACCATAACCTCTTGGAAGGTGCT,23,5
CCTCAAGTTAAGTCCGGCCTTGTGTTG,23,5
TAAGCCAATCTCCGAGTGTTCCAGTGC,23,5
GGGTCGGGCTCAGCCGTCGCTGTATGT,24,6
TCATCTTTTGCTTCTTCGACGACTGCA,24,6
AGCTGAAGACACCCCACTGTGTGGCCA,24,6
CCCACCTATGGATCTAACAGTTTCCAC,24,6
CACTCGTCCACATCGTCCATACGTCCT,24,6
TTGCAACTGAAATTAGCGATTCGGGCA,24,6
CCAAATCCTTCTAGCAAAGAACGAATA,24,6
CGCGGACTTCGCACAGCAATATTAAGT,24,6
GCACGATGATGGCACCTAACATCGGCT,24,6
CATGTGCATGCATGTTGAGATACGCGT,24,6
TATTAAGGGTTGCGGCCGTACAAGCGT,24,6
TGTGCTATCATTGTTCCCGGGGGGTTA,24,6
GTCTTACTGCGACCTGTAGAATCACTC,24,6
CTTCATGGTATGATGCGGGCACGGCAT,24,6
ACCCTAAACAACTCCTGATCAATCCCC,24,6
CCTCGTAGAAAAGTTGCCCGCGAGGCA,24,6
GAGTACACAGAGACCATAGCTACAATG,24,6
CTACTATCGAATCTCGTGCACGAAGTC,24,6
CTCTAAGGCTGTGGAAGCAAGCTGAAG,24,6
CAATTGGACTCAGGCTGAACGAGCAGG,24,6
TCGGACGCTGAGTAAATCTTGATGCTA,24,6
AGATCACGTAGACCCCGTAGACAGACG,24,6
GTGGTCCGACGCTGGTGATAGCCGGGC,24,6
AACCTTTGCGAATAGTTGACTCATGAG,24,6
ATCGCCATGCTCTCAGCTCGGGATATA,24,6
TACATTCACTTAATCATGACCAATGCG,24,6
TGAGGCTGATCCCTGCACCATCGTAAT,24,6
CTATATTGTCAATGTCTCAGCGGGAAC,24,6
CCACTTGAGTCGGCCGGCTTAAGCACA,24,6
TCTGTTGGCCAAACGTCTCTGAATGCG,24,6
TCAGTCGATTTGCTGTAAGATGGCCGC,24,6
CTGTGGTACCTGAAAACTCGGGGTGAG,24,6
TAACAGTTTCGCGGAGTGGTAGCCCAC,24,6
CAACAGAGATAGCGGTATGGAAAAAGC,24,6
TTTATATTCGTACGGTGGTTAATTAGC,24,6
ATAAGACGTTCGGGAAGGATAACAGTG,24,6
ACACCCTGCTAATTAACGTTAACCTAT,24,6
ATCCACCCGATCAGAAACATACATGAG,24,6
GCTAAGACAGCGTCTTAAGTGCTAGGC,24,6
TACGGAACCCCCTAGTCGCTAGCGGTC,24,6
TACCGTACACGCCATAACATGTTACGT,24,6
AGAGACCAGCTAGTTCGCCTGTCATAC,24,6
TGTTGGCGGCGCAGTTCGACTATTGAG,24,6
TGAGAGGCAGTTGCAATTCCACTTAAG,24,6
TTTCCTCCTCATTCAGACGTGAAGGAC,24,6
CCGGATAGCGAGCACAGCCGCACTGCT,24,6
ACGCGAACCTTTGGGGCCAATGGTTAG,24,6
CGTGATGTAAAATATACATAAAGATGG,24,6
GCGTTTGAACCCGTGTAAAAGGATGCG,24,6
GATTCGGTTCTACTATTTACGTTAGAC,24,6
AACTTCGGTCTTGCCACAACCATAGGG,25,6
GATGGGTATGACCTAGTTAGTTTCATG,25,6
CATACGGATACGTAGGTTTGCCTGGGA,25,6
CTGTTTTTATGCGTCATCCCATACATT,25,6
TCTGAGTAAAGTTTTGGGGAATGTTTA,25,6
GTCGCACAGCTCACTCTCATAGTACGA,25,6
AGGTATGTAACGGGAATAAATAGCCAT,25,6
GGATGATCAATTTGATACAAGTGGAAG,25,6
GGACTGATGGCCTAGTGGAGGTAGGTC,25,6
GTTTCCGCGTCACAACTACTCTTGCGA,25,6
AGTGGTCGGCAGATGTAGTGATTTGAA,25,6
TCCTACTTCGCTGCAGCCGTGTGGCTC,25,6
CTGCTACGTGCCCCCGACAGACGTTCG,25,6
GCCGTGCAGACCACTACCTTGATGTAG,25,6
TTAGGTAGGAAGGTACATGACAAGATA,25,6
AAAGGGTATGGTTTTTCCGTAAGCTGA,25,6
TAGTACTGAGTTCCGGCCGCTTACACA,25,6
TCAGCATCAGCTGTCCCATACGACAGA,25,6
ATGCCGGGCGCGAAGTCTGATAGGAGT,25,6
GGGTTTCTTTTTCAAAATATTCAAGAA,25,6
GTTTGAGCACTTTCACTGGTGCTAGTG,25,6
TTTGAGACCGGTCTTGTAAGGGCATCG,25,6
CGCTGCATCAACACAACTTATGAAGTT,25,6
AAATATACCTATGTAACCCGTATGTTA,25,6
TCTAGTGCTACAATGTTCCAGCAAATA,25,6
TAGTGAAGGCTCATTGCGTCTCGATGG,25,6
CTCGGCAGAAAAAGAATGGCTGTTTCT,25,6
CGTCGCGTAAGTTATGTTGCGAATGTA,25,6
AACTTAAGCACGTGCTGAGCCCTAACT,25,6
GTCCACGTGGTTAGATTCTAAACGTTA,25,6
GCATCAATGTGGGCCCCGTCGAGTTTC,25,6
ACCATGATATCCACCGCTACCGGTTAC,25,6
GCTCGATGTTTCGACATTGGGTCAAGA,25,6
ACTATAATAGAAGGTGCCTCTCGCTCG,25,6
GCGAGAAAGTAACGACAGGTTCTCGCA,25,6
CGTCGCCCAGCTCTTGGTCCGCGGGGT,25,6
TAGAGTCACGCGCGTATACGCCCTTAG,25,6
CCTCTGAGGATTAGCATGAGTCTGCCG,25,6
AATGTAGTGGAGAACTCATTTGGCTAC,25,6
CGGTGCTCTTATAACAGGTCGTCCCCA,25,6
ATGCCTATAGAGATCGAGGTTCATAGT,25,6
TCGTGCTGAGAAGTCGTCAATGCCTGC,25,6
TTCACTCTTAAGAATCCGGCGCTGTTG,25,6
ATCTGGCGTGCCGCGTCAAAGGCACGA,25,6
TACATGAACAGCCTGCCGCACCACGTA,25,6
TACTGTCTAACGGCCCCTGATCAATGT,25,6
AGGTAGGGTCCGAGTGCCTCGACCGCC,25,6
CGAATCGGATGCATCTTCTCAAGATAT,25,6
GAAAACGGTCTGAGGCAGCGAGAAGAA,25,6
AAATGTATACCCAGGATCAATCGGGGG,25,6
TCTGCTTTCGGGACGTTTGAATCATAG,26,6
CCCTGGCCAACGAGAAGCGTTAATTCA,26,6
TATCACACCGCAATGGTGTTAAAAAGA,26,6
GAAGACGAGTCATCAGATAATATGTAC,26,6
CCATCAAAGCATTTTAGAAGCCTAGAT,26,6
ATTGCGATTCTCTCCTCTGTCGCAATT,26,6
CAAGCCAATGGACGGCAGAGGAAAACT,26,6
TGTTGTAGCCAGTCCTCATTCTGGCAT,26,6
TCCGTGAAGATTCCAATGCCGACAAGA,26,6
GGACAGAATATCAAGGCCACTTCGCCG,26,6
TGGTTGCTTTAAGCAGTATCTGCTACA,26,6
AATGGAATCAACCGAAACCGGTTGATG,26,6
AATATCGTGCGTGGCTCGTCCCGAGGA,26,6
CTAAGGTCACCGCTGTGACTCATCTCG,26,6
TATGTACTAACGCGACTTTTCTAAATT,26,6
AAACGAGTTCTGTTGGACATGTAGCAC,26,6
TAGCATTAATTCCGGTTGGGGAGGGGC,26,6
ACTCGACGGTACCACAGCGTAGTGTAC,26,6
TAAGCAGCGTGTAACTAGAAAGTTGTT,26,6
AATTCAAATCGGGGGGATCGTTCGACA,26,6
GACCGGATGGGAGACGAAACTACCTCC,26,6
TATAGCAGACCCTACGAGCCCCGTTGG,26,6
CAGGAGTGTATGCCTCGCCAGGTGAAA,26,6
GACTTCTACCGGCTAGCGCGAGGACCA,26,6
TTTACCACTAGTGAAAGAGACAGGACT,26,6
GGACGCTTAATTTCTCCGTTTAATCCA,26,6
CAAGGAACTATACCGTTATTTAGCCGC,26,6
TTCAACTCTGCAGTAACAGCAGTAAAA,26,6
GCATTATTGCAGCAGAACGCCCTGGTT,26,6
GCTTCTCACCGAATTATCACATCGCAC,26,6
ACCCACTCCTAGCTACGAACATGAGTC,26,6
TCCGAGGTCAGGCTTTCAATCACCTTG,26,6
CTCAGGGGAACTGAGGTCGTTACACGC,26,6
ATGGCATTGAGTGTGCCTCCGTATCAC,26,6
TTCGCATAATATTTAGGGCGAGGTCGT,26,6
GGTATCCCGACCTCCGTAGCCCTTAAT,26,6
CAACCACCCGGAGCCATACGGTTTATA,26,6
CGTGAAAGAAGACGTTCTGTCCGCTAC,26,6
AGACCACTTATTTGTATCGTCCGCCAG,26,6
AGCTAGTTCGTCTTGGCGCTGCCACGC,26,6
GGGTCATCCGTGTTTCAGAAATCCGCT,26,6
CGGAATCCCTAGCCACGTCAAGAGTTA,26,6
ACTCAACTCGGTTGTCATATCTTTCGG,26,6
GAGCGCGCCCACATTGCTCGTGCTCAG,26,6
GCCGCGCTTGGGACTTTACGCGCTTTG,26,6
CGGAACGTCACGGACGCACATGATAAA,26,6
ACCAAGGCGTCCCTATCGAGCGGTTCC,26,6
TTTGATGTTATAGCAACATATCAGCCA,26,6
GCTCACCTTACCCGGTTCTAAGATCCG,26,6
AGCACGTGACATTGTTCCCAGTTGCCA,26,6
GCGAACTAAACCTGCACAGCGTCCCTC,27,7
TTATGTGAAGGACGCTAAAGACTTTAA,27,7
CAAGAGTAGTCTACATGATAGACAACT,27,7
AAGGTCCATGGATTTTGGCCTTAGCAT,27,7
GGTTCCTAAACGCCCCAATGCCAGAAG,27,7
CTCACACAATCCAGGACGGCAGTTGGC,27,7
CCTAATGGTGGCCCCGACGATGCGGGT,27,7
TACCGATGGGAGGCGCAGTATTACACC,27,7
GAACAGAGCTTCCTCTGAGATTGTGGA,27,7
TATCCGGACAACACAATGGTGGCACTA,27,7
GCGTCCGTGGGCAACCCAGGAGTCTTG,27,7
CTCTGTTATCGTCGCGTGTAGTAGCCC,27,7
AGCCCGCTAGCTATAATCCGAGTGTGG,27,7
AGTTTCCCGTATCTTTATAGTGCACTG,27,7
GGTCTCGCTAGTCAACGTGGGGAACTC,27,7
CTAGGTCATGCAGGAACAATAGGTTGA,27,7
TACGTACTCCCGTACGTAGTTCCGTAA,27,7
ACCGGTCCTAGAACCACTTCACGCCAG,27,7
CCGGTGCTCGTGGGATTACCCACGAAA,27,7
GAAACGACGTACCGCCTATGGCGTTCA,27,7
AGATTTAAATGCCCACTTGTCGAAATT,27,7
GTCCCTTCATACTACAAAGCTTTTACC,27,7
GTAAAAGATCGGAAAGATACGGTCGTC,27,7
GAACATAGTTTAAGGCTTGTTCCCAGC,27,7
GTCAGTCACTCAGAGTGGGACCTATAG,27,7
ATAAGTTTCACGTCGAATGAGCACATA,27,7
CCCTTCCGCTCGACATGACATTAGGCC,27,7
TAATCCCCGGCTAAAGTGCAATTGACT,27,7
TAGGGTATTCTATGGTGGGTCGACGCG,27,7
TACCAGCGGTTGAAATCGTTCTCAATC,27,7
TCTCTAGCGACAACGTTATGCCAGACA,27,7
GAACTAACTGGGCGCCGGTTGCATAGA,27,7
CGGGTTAGCACCTTGAACAGAGTAGAA,27,7
GAGTTTCTGGACCGCGTGACTGCGATG,27,7
CATTTTCCACGAAAATCTGTACGTTTT,27,7
GGCATAGTGGCCATTATAAGATTCTTT,27,7
CGGGCTCTTGTCTGGATGTGTATCCAC,27,7
TGGCTTGGGCACCTAGTTGGATCTAGC,27,7
GGCCACCCTTGTACTATAATTACATGT,27,7
TTTGGATCGCCCGCCCATAACTATAAC,27,7
TGACAAATGGTGCTATACACTGGAGAC,27,7
GTTCGCATTACAACCGGCTGTATGGGG,27,7
ACACTTCTTCCTCACATCAGTTCCGCT,27,7
CCCAAACTGTAGGCTTTCGAGTCTTGG,27,7
TACACCATCTGTAGATCTGATACCTTC,27,7
TGAAACAAAAAGTTCATTCTCCAACGA,27,7
AATTGGATGGCCAACCGAACCGGGGTT,27,7
GGTATTGACGCTTCAACATATAACAAC,27,7
GATGCCAGACGTGTTACCAACCGGGTT,27,7
GCATGGACTTCGCCAGTTTTATATTAC,27,7
GACTCTCCCCTATTGATGGGAACCAGC,28,7
CCGGTCTTACTAGAGTTCGCGGTGACC,28,7
TTGACGCTGGGGGGCTTCCATCCGGAG,28,7
AAAGCTAACGTGTTCGGGGCCTGAAAC,28,7
AACCTTGGCTCGTCCTGGAATCCCCCC,28,7
TCATCTATAGATGTGCCGAAGCCCGAG,28,7
TGACATCCCCAGAAGCGATTATGGCTC,28,7
AGTAAATTCCGTGCGGTGTCTCGGGGA,28,7
AGATCAATCGCGATCGGTACCCACTAC,28,7
TGGGCCGTGGCAGCCTTGACCACTATT,28,7
GATCGGCGATTTGAAATAGGGCCATGC,28,7
GCTGGCTGAGGGGTTTTCAACAGCGTT,28,7
CTTAGGTCCTGCCCTTTATGAGGCGTA,28,7
AATTAAAGTGGTGGATAGGGATGATGT,28,7
ACTCTTTATTCGAGTATAGCCAAAAAA,28,7
GGGAGGGTCACTTGAACGTGAACGAAA,28,7
GGATAATCTGAATCGGTGCTTCCGAAG,28,7
CCCCTAGAATCACGACTCCAGGGCGAT,28,7
AGTCGAAGGCAAAGTAAAGGAAGCGTT,28,7
TGTCTAGAACTCAGGACGAAGAGGGTA,28,7
CTATTGCCTACTTTTCATAGCCGGTGC,28,7
CGGACGCACTCTTAATTGACAGATATC,28,7
CAGGTTTTTCTGTCCCAACTGTCGAAT,28,7
GGGAACAATTTAACCCCAGGTTTACTG,28,7
CTTGGCCAACTCTGTTATTTTCTTTCT,28,7
GCGGAAATGGTAACATCTACGTTGCGC,28,7
TGCGTCGGCACAGTCAATCGATAAGGT,28,7
CCGTAGCCAACGGAAGGAAGACACGCG,28,7
ACGGGAAATAGGCGAGCCTACTCTGCT,28,7
CCGTGAATTCTCCCACACTTATACAGG,28,7
AGCTGTCCATCTAATATGAGTCTGGCC,28,7
TGATTGCAGTTTAAACCGGCTCTGTAG,28,7
TAAGCTCCCTTGAGATTGAAGTGCTAG,28,7
TATTGCCAAGATCCACGCTCGATTGAA,28,7
CCTGCTCTCAGATGTTTTGTACTCTCG,28,7
ACGTTACGTTCTATCTGCATGGGGATG,28,7
CATAATGGCCGAGCCGTGAATTAATAC,28,7
CGGTTCTCCAAGCAAAGCTATTCAATT,28,7
GTGCTTGAGTCATGCCGGTAACGAGCT,28,7
CGGATAAACTTGGCGGCTGGAACAACG,28,7
AACGTCCCCAACGATGAGCACGTATAT,28,7
GTGCTTGCATATGTTGGCTGTAAACCC,28,7
ATACGCTCATTACTTTAAGTGCCTCCA,28,7
TAAACTTGCATTCTACAAACGTCTAGC,28,7
CAGGCGTAGATAGGTATTGCACAAGCA,28,7
CAGGGGACCGAGCCACGACTGTGTATC,28,7
ACACCGCTGTGCGCGGTGCAACTTGCC,28,7
TAGTCGATAATTAGTGACCGAGAGGCA,28,7
GTAAAGTGAGGATAATCAGTCCGATAG,28,7
CCCACCCGGGAACCATGGATTCGGCTC,28,7
CCAAGCATATGAACGTCCACGAACTTT,29,7
GTTTATCATCGACCCCCTCCGCCTACG,29,7
CGTGCCGGACATACCTGGCTAAGAAAT,29,7
GACGATTACGGAGGCGCCGAGTTTTTT,29,7
TGCTTGCACGAAACTTGCTTAATCGGC,29,7
CATACTGCGCTGGTATGATACAAGGCG,29,7
GATTATCATTATGACGTACTCCGAGCT,29,7
CGCGAGTGTGCTTTTGCCTCTACTGCA,29,7
ATCCCCTGGTAGTATTGGCGGTTACTA,29,7
CTGTTTTCGAGCATCGGATGTACTGAG,29,7
CTTAATAGGGGCCGTCTGTCGAGAAGC,29,7
AAGCTGTCCGAATCATGCCGCACGTAT,29,7
GGCAATCTACTAACTCGGTTCACTGTA,29,7
GGAGGGACGGGCATCCTAGAGTACTTT,29,7
CCAGCAGCTCAGTTACCGACCGTCCAT,29,7
TCACCGATCGGCCTTACGAGGTTGTAT,29,7
CGGAGGTGAATGTGTCTGCCCTGTATA,29,7
GGGCCACCGCACATCCTGATACGATGT,29,7
GTTATGGCGTGCGTCCATTCGTAGTAA,29,7
CATTCCAAACTGAGGCTTGTAATCCAG,29,7
GGCGATTGATAGAGGGGGGCTAGTCTC,29,7
TGTAATATAGTATACGTTTCCCCAGCG,29,7
ACACGTAACAGGGTAGTTCCCTTGGCA,29,7
GTCGGGGGTAAATGTTCAGTCTGTGGC,29,7
CACAACTTATAGTTGTACAGCCTCCTG,29,7
GATTACCATCCGGGTTGAAAACTCCCA,29,7
GGCGACAACTTAGGGAGACGCATAACG,29,7
ACCACGTATCAGTAGAATACTCCGCAA,29,7
GCTTTCGTACAAGGATAGATCCATAAG,29,7
AGCGATTGCCCGCAGTAGACTACGATC,29,7
GAAAGTCTGCGAGTAGTCAATTTAGCA,29,7
AAAGGATAGATGTCCTAATCGGCATTA,29,7
GGGAGGAGTACTCTAATGTAACTACGC,29,7
CCATGCAAGCAAGGGGGTGCGCTCGGG,29,7
CGGGCGCCACCCCAACGGTACCCGCAC,29,7
GAACAAAAGCCTCCCAGGTTTGATAGC,29,7
AATGCGTAGGCTGAGATTGAGTAGGGA,29,7
GCTATAATTTCCTCGACCTCTACATAC,29,7
TCATTAGTCAATTCTCAGTGGGGCCAA,29,7
CCGTCTACACCAACCCGTCGAAACGCT,29,7
TTATGGCGTTGGCTGTGTTTTCTCTCC,29,7
GTAGCGCGAGGGCTGGAAATGGTGCCA,29,7
CACTACACGAATAAACTTCTGATATTA,29,7
TGAACTACTATCCTATACTCCATCCGT,29,7
TGTGCTGACGTAAATTCATTTAAGTAG,29,7
CATACCTCTGGGTTAACCAAGGACGCT,29,7
TGCTGGCATTAGATTTTCCCGAATCCG,29,7
CGTGCCTGAAATCTGGGTCCACACGCC,29,7
GCGTCGTTTTGCGCTATTTAATGGCCC,29,7
TGGAAGGGAATCTCTCCCCCAAAACGG,29,7
CACGTAGGGTACGCTACATTCGCCCTT,30,7
CAGCACTGCCTCACATGGCGATTCAAA,30,7
TCCCGCATCATTTAGTGACCAACGGCA,30,7
CCCTCGTAAAGGACTTTTGTAAAGATT,30,7
AATAACTAATCTATTATCGTCCGAGGG,30,7
GAGGATCTAGTTAGACGGTCACTCCTG,30,7
CCCGTGGTATATCCCTCCCCCGTATCT,30,7
CGCGTCATAAACAAAGCAATGTCGGCC,30,7
CGAGCGATGGGCATACAGCGTACAGTG,30,7
GACAAATACGCGTTCCAGCGTACTGTA,30,7
CAATGTGTAGCGCATTCTTCCGGCGTC,30,7
ATCCTCATTTTGAGGTCCAGAGGGATT,30,7
CCGGACTGTGATCTATTCTGTTCGGTA,30,7
ACGTGATGAAACCCACCGGCTGCTGCG,30,7
GTCACCAGCAGAATGGTGTACGCTAAA,30,7
CGGAGTAGATCGGCGGGAAAGCGCGAA,30,7
CACCGCACGGATATGATCAACGGTGAC,30,7
ACACGCACAATGTTCTAAAGAGCCAAG,30,7
CTAACTTGGGGCCGAATTAACGGCGGG,30,7
CTGGTTAACTAACCACCTGGGGTGTAA,30,7
CAGTGCCGGGTGAACTAGTGGGCGTTG,30,7
GTTTGCTATACAGAGCACCTCGCACAT,30,7
CCCATCAAATCTGTTCAGAGCCGACAC,30,7
ATACGAAAGGATAGAAGTCAATATCCG,30,7
CAAGCATCGCGCAGGGTACAAGCGATC,30,7
TACACATTGTTTCTTTTCAGCCTTATG,30,7
GGGACACGACAGCTGGCGCACCTCGGT,30,7
AGCGTAGACTATCATACAAGGAACAGT,30,7
CAAATGCTAGGTCCCGTTGAGGTTGTT,30,7
TCACTGCCTCTCCACGCCTGATAGAGC,30,7
CCTGCAGAAAAATAAGTGCGCACTCCT,30,7
CACATAGAGGGCGACTCCGGCGAGTAG,30,7
TCAATTGCCGATAATCATCCCTCGCTT,30,7
GAGCTAACTGCCTTCCGCCAAGGGTAT,30,7
TTTCGGGAGCATACCTTGGAGAAAACA,30,7
TAGTGATAAAAATAGTGCTTAGTCCAC,30,7
TTTGCTGAGTCGAAGCAGATAATAGAG,30,7
CGCTAGAAATGAACGTTTAGCCTATTC,30,7
CTGACTGGCATATAGGTTGGTGTTAGA,30,7
GCGCAGCGGGGTTCAAAATCCCACCAG,30,7
ACTGCTGTTCAGATGACGCCGAGCGCG,30,7
GTTATGTGTCGGTAGTTTGATCGCGCT,30,7
CCCTACAATTGAGGGCGGGTGACCAAA,30,7
GAATAATCATGACCCCGGCTACAGGCA,30,7
CATGTATATGCGTGAGGCTATACAGCT,30,7
GATGGATGTGCCAATGATAACACCAGT,30,7
CGTTACCTGAGCACAACTGGACTGGCG,30,7
TTTTATCAGGTCAAACATGTTATTTAA,30,7
ACTCATCGACCCGACATCTACTTAGCC,30,7
TTGTTCAGTCGCCCTAACGGAAGAAAC,30,7
GTCGTGTTGATTACAGAACAAGGGCTA,31,7
TTGTTAAGCCACGTGTGTATGGGGTTG,31,7
ACCACGAGCTTCACTTTATCTGCACGA,31,7
GTGGCTCTCGTGTTTGCGGCAGGATTA,31,7
GCTCACTAACGAGCCAACAGGCTCAAT,31,7
AAGGACTGGAGTATAACAGTTCGTTGC,31,7
GTTAGGACCCAATACGCGTCGGACGGG,31,7
AGAATACACAGGGTCGGCTCCAATAGT,31,7
ACCCTGATACTCCTTCTTTACTTTTTC,31,7
AACTCACCCGCTCTGAAGGTCCAACCG,31,7
GTATGCCAAGTGCGGGGTGTGCTGACA,31,7
GTACAGATTCCATATCGGGACTGGATC,31,7
CCAGTTTAGTTACAACCCCAGTAAAGT,31,7
TAGGTCGACTTACATACGTGCTAGCCA,31,7
CAAGGCCCACACATTCCACTATCCGTT,31,7
AGGGGGCATATGATGAGTAAACACCCA,31,7
TGTTCCTGTCCTTCTTTTGTAAGCCGT,31,7
CAGGAGTACTCCGATCCAATTCGTATG,31,7
TGCAGCGCGCCCCTCGACTTGTTAAGT,31,7
CATACCGTCTTACGATGGCGGACGGCG,31,7
TGAATCCAGTGTGGTAGCTAGCATCGC,31,7
CAGCATTTATTCCGGCTTACATGCAGC,31,7
TCCGCATCGAAAATCAGCCACTAGCTC,31,7
TCGTGTGAGATATCACATGCTTTTTTG,31,7
GCAGGTTGGATAGTCTTTATCCGCAAC,31,7
GAGAATTGAGCCAAAGCTGAGCAGTTG,31,7
GCCCTTGTAGGCGAACTATGGACCCCT,31,7
AGGTGATGTCGCAGTTACCTCCTAAAT,31,7
GATTTGAGCCGGTCTAGTAGTAGACAG,31,7
CGCACAAGGTCGAGGAGCACTGGTTGA,31,7
AGGATACAGCACTGCTACTCTGTGGAC,31,7
AGACACTTCCCTACCAATATACGGGAT,31,7
AAATAAGTGCAGATATTTTCTTCGGGG,31,7
CCCCCAGTGTGATATGCGGCGCGAAAC,31,7
GTGTATCTGAAAACCCTGTGTATTTTG,31,7
TACGTACATTGAGTATACGAAAATTTG,31,7
GCATTGCCATGTACTTATCCGCCACAT,31,7
ATAAGAACTTTTCCCGGGTATCTGGAG,31,7
GGTTCCCGTCTCACCATCACTTAATAA,31,7
CTGTTGTCTTAGTACTGCGATTAGCAC,31,7
CTAACTATGCTCTCGAGACGGAATTTT,31,7
TACGTCCGGTATCTCCTGACTATGGAA,31,7
CCTTCTTTCTCATACATTACTCTCTCT,31,7
GTGTAAATCTGGAAACCTTGATTTAAA,31,7
TAACTGCGCCTCCTAGGGACGCCTTAG,31,7
TATCTAGCCAGGGTGACGCCTCCTCGG,31,7
CGTCTTCTGCATGACCTAGTGACTGGG,31,7
CAGATGCTTTAACTTGTAATCTCGGGC,31,7
CGGTAGCGGCACCGAAAGTTCATGTGA,31,7
ATTCAATTACGTCAATAGCTTGCAAGT,31,7
TGTTAATGTAGACACTTCAGCTTGCTC,32,8
TGATCCTAACAGTCATACGATTTCCTG,32,8
AAAAAGTAAAACCGCGATCTACCGGTC,32,8
GCGTATCGGCGCGGGTTTGGGGTAGTT,32,8
CGGCTTTCCAGCGGTATATGCCTGTTT,32,8
AGTGGAGCCCGGCGCCACATTGACCGG,32,8
ATGATAGGGGTATGACTGGTAAAATCC,32,8
AGGAATCGATACGATGACTTCCGGCCG,32,8
TTAATGTTCGACCTAATCGTCGCTGGA,32,8
CATCGTTCCTACTGCCATATACTGTCC,32,8
TCTCACGTAAACCGGGTATCTTCGCTC,32,8
CTTAGTTCACGCCGGGCCGGTTACAAC,32,8
ACCCTTAGCGGTTCAACTGAAATATGG,32,8
GCTAGGTGTGACCACCAACAGTTACGT,32,8
TTCAAAATAAAGTTCAAGCGAAAACCG,32,8
TCTGCGGGGGTACCTCACTTCGTGCTT,32,8
CTTTGATCATGTGGCAACAACGCAATA,32,8
CGTACCTTCAACCCGTGGGAAAGTAGT,32,8
GGCAGAACCACTTTAAGAGACAACACG,32,8
CGCATGCCTAGGAGAAAACGTCTTGTC,32,8
TCCGAGAGTTAATCGCCGATAGAAAGC,32,8
CCAAACACGCGCGGAATAACGCCGCGA,32,8
GCGGATGCGTGTGACGTACTCGACAAT,32,8
GCCGGAGTGGAGCTAGTTTTTGTCGGG,32,8
AGGGATCGTTTTGAGCATATAATCTGC,32,8
GAGTGATCTCCGCGATCCTCACTGGCG,32,8
AGCCTGAGGGGCTCTCGTATTCAGCGA,32,8
AGTTGCCGGACCCCGCGACATATACCG,32,8
TGAGCCGTATAGCGCCAGATGGTGCGG,32,8
TCCATACCACGGGGGTCGATTACAGGG,32,8
AACCAAAATAACGGAACCAGCACGGGT,32,8
AACTTTTCCAAGATCATAGTCGCCAGT,32,8
TTCTCCCTCCACTTAGTGACGTCAGGC,32,8
CACGAGACCACTTAGACAAAACTATGG,32,8
TAGACAGAGGGCTGCAGGATATCATCA,32,8
TCGCGCTTTTGAGACCAGTTCGAGTAG,32,8
ACTCGCGAATGAGCAGTGTATTCAAAG,32,8
TCGGAGTCGTAGCGGGAAGGCACGATG,32,8
TACCTGTAAGAGCCAACGAGTTCATTC,32,8
ATTGTGCAGACAGCATTCTTCAAGCAA,32,8
CGGGAACTGATCGAAGACGTTGTCTAT,32,8
GGAGTCACTGGCCATGGTGACCCGGTC,32,8
ACATAGGACACGCTGGATCCTAACCAA,32,8
CTGTTTCGCACGTCTCCTGTTAAAGCT,32,8
AGTCCGCGCAACCATTCTCTCGAGTCC,32,8
GGAATGTGAGACTTGCGTCCTGGGATC,32,8
AGAATTTCCCGGTCCGACGGAATTTAT,32,8
TGAGTACCGGCCAAAGAACCAGAAAAT,32,8
AACGCCTACGATGGTACTCACTTGCAC,32,8
CCCTCGATAATCAACGAGGCGATCTCT,32,8
CATATGCGTAAACAGACTATGAGGGTT,33,8
AATGTATCTATGTCAGCTCGAGTTGAG,33,8
GATATTCTGTGCAGAGTGAATTTTTTA,33,8
AGAGTTTATTTAGTAGTGATGATTACA,33,8
GGGCGCCTGTCAATATTGACGGTCGTG,33,8
GGAGCGGAGCGCTAAAGCGCGCGTATA,33,8
CGCAATCAGACAGTCGTTCGATACTGG,33,8
ACATAACGCGTGACCTTAAATACACGT,33,8
TCGATGAAATGGAGTCGAGGAAATACC,33,8
CCGGCTTAAATCACGATCTAATGTATG,33,8
AGTATCTGTTAGGAGGTCATAGCGCTG,33,8
TTGCCCTGCCAAAGTAGAATCCACCAC,33,8
ATCTGCGAAGCGCCCCAACCAAGCCCC,33,8
ATATAGCGCAAACGCGCGAGTTGGATG,33,8
GAATAGTCACCTTTAATTGCACCCAAC,33,8
TCCTTAACGTTGGCCCAAGGACCTTAA,33,8
TCCGAGGGCGCCCGCAGCACTTAGAAC,33,8
TCGTGATTAAGTCACCTGGAGTTGTTA,33,8
GTTTACCTTGGTCGGGGTTGTTCCCTG,33,8
ATGTTACTATTAGGCACAAGTCCCTTT,33,8
AACGACCACTTTTCGTTCGATGTGGAA,33,8
TCGACTATATAGCGCGTGCCGAGCTGA,33,8
GTGCACCCGCTGGCCACTAAAGGTTAG,33,8
TTGCTTGGGTGGTAGTCCATTATGGGC,33,8
CGCTGCCCTGTAGGCTGAACTCCATAT,33,8
GCAGTGTCATCCAAATTCTAGTAGCTC,33,8
CATCGGCCCAGCTAAAACAGTCTTGAA,33,8
CACGGACTGGCGGGGTAAACCTGTGAT,33,8
GCTTCGCGAATTTTCCAGGAGTAACGC,33,8
GAGAGAGTCGCCTTATGTGAGAGCCTG,33,8
GTAAGGCTCGATACCCCACCCGATTGG,33,8
CGGACCTTCACGGCTCGATTCACACCA,33,8
AATCGTGTATGGAATCGCGTTAGTGGG,33,8
GATCGGAAGAGTAATCGCGGCATGATT,33,8
TGGGGGGAGAAGAAAGCAGGGGTCCTA,33,8
TACGCCGCGGGGGTGGTCACTGACGTG,33,8
CTGGGCGCTCTAGCCGAATGACACTCC,33,8
TGACCTTTCGTAGCCACCATGTAAAGC,33,8
TTTTGCCTTTTAGGTGCTTGAATCCCG,33,8
CCCCCGGTGGCACTAATCATGGTAGGT,33,8
CGAAGGAGCATTTGGGGTTCGATGTTA,33,8
GTTCTACCACCCTCGGCATCTTGCTTT,33,8
CTTACTTTTTCTAAGTAGTCGAACAAC,33,8
TCTGGTCCACCTACCGTATGCATTCAC,33,8
GAACTTGCGTGGGGCAGTCATCGATGT,33,8
CAGCTGCCCTTGTTGTGGTGTAAATTG,33,8
TGAAATTGAGAGGTGCTAGTACGGACT,33,8
CCTCATTACTCAGCCCACTCAAAGTCC,33,8
CGCGTGAATCTCTAATGCGTTAATGTA,33,8
ATTACCCTAGGCTGTTGATTAAACGCA,33,8
TTACCCGCCACAGTCCCTGGTACTATT,34,8
CCCATAATCACGCGAAATACTGACGTT,34,8
TGGCTTTCCGGGGGAACGGTGGGTACG,34,8
TCCTCATCTGCTTCGCCGGTTATCTTG,34,8
CCACAGGTCCACGCGAAGGCTACCGTT,34,8
GGAAGCTGGCAAACAATTGCCCATCAT,34,8
ATCGATATGCTAATACTCGGGCATGCA,34,8
CTTTATCTGACCGGTGCACACACTCGA,34,8
ACACTCGCTCTGTACCTTCAGATAGGC,34,8
GTGATGGTCCGCGTCCTACTACCGAAT,34,8
GGAACTAACTTGGAGTTCAAAACTGGA,34,8
TCCGGCTGGGCTAATCACCCATAATAG,34,8
GATCTCCCATCCAAGTGCGATCTCGCC,34,8
CTGTACAGAGGTCGGCTCGACTTACAG,34,8
CAACTGCTGAGAGGGCATGTCCTTCAC,34,8
AAATTTGCTATCTCGTGGCTCATCTGA,34,8
CACGCATCTTGAGGCGTTAGCGATTAT,34,8
AGTGGGTACTTAACTCTTGTAATTGAC,34,8
GGCGCAGCGTGGGAAAAACACGACACT,34,8
CCGGGTCGGAGATCGTATCAAAACGCC,34,8
AACCTTAACAAACTCTGTTGCGTTATC,34,8
TACTAACGAGAACCTTGTGGCCTCATC,34,8
ATACAACTGCGCTCTCTTGAAAAACCA,34,8
TTCGCACCCGACACCCATGGTCTGACG,34,8
ACCCTCGAGTTTCTGGAGCGCCATTCT,34,8
GCAGCAGGGCTGTTCCCGGTCCATGCG,34,8
GGCCGCGCCGATGTCGGCTTGAACGCC,34,8
CTTGACTCCAGTTGTGGGCGCCACTGG,34,8
AAAAGAGAAATAATAAAGATGGTGGCG,34,8
CCTGAGCCCAGGAACGTGGGCGGTGCG,34,8
AAGAGAAACACCAGACGCCTAGGATAT,34,8
AGGACGCGCGTTGAGGCCGAGGCAATC,34,8
TGCATCAACGCTGGCGAGGTTGGTACG,34,8
AGACATTACCAAGACATTGTTTAGGTT,34,8
TAAACGTGGTCTACGCTGGACAATTCG,34,8
CATGGTTTCTGTCGCGTCTCCAACGCC,34,8
AAATATGTTTGCCCACCCAAAGTGCTC,34,8
TTACTAAAAGGTGCCCCGCACTCATGC,34,8
TAGTCGCCGGAGAGCGACTGGTTCCAG,34,8
AACAACGATCGAGCAAACTCTCCGATC,34,8
GTGACTTGATCGAAGAACCTTTTCATG,34,8
TAGAGACGGACGTAATGATGCTCCTTT,34,8
TTCCTCACATTAGACCCTACGCGCTAC,34,8
CAGCCTCCTGATACGATTTAGCATACC,34,8
TCGCGCGACGAAACCTTGACTCTGCGG,34,8
CCTAAAAATTGCAGATAAGAGTAAGCC,34,8
CCCGCGAACGCCCTACACGTCGTCAAT,34,8
CAATGCCTGTTCGCGCGCCCATAACGT,34,8
TTATCACAACATGCGGTAGGTTTTTAA,34,8
TTACGACCTGTAACAAGTGGCCGGACT,34,8
ACCAACCGGTTTGGTATGTTCGAGCTA,35,8
TGCCACCTAGTTGTGTCTTGAGGACAT,35,8
GTATTTGGCCATCGAACGTCCTCTGCG,35,8
CGTTGATTTGTAAAAGTAGCGATGGTA,35,8
TTAATATCTGGCATCCAAGATCTCAAC,35,8
AGTCAAGGTTAGCGGAAAAGCGTATGG,35,8
TGCCGATACCGAATAGGCGAGACAGAG,35,8
GTAACTTTTCGTATCCTCAGGTGCCTC,35,8
GACGAACGAGGCGCGACGCCGAGCTCG,35,8
CCCTTCGGTAAATACTGGCCCTACTTG,35,8
CCGGAGATTAGCTCCCAAACTGCCGTC,35,8
AACGCTAATGTAGCGCGTTTATACTCC,35,8
GAAGGCACGCGTGTCACCGGGCGTCTT,35,8
ATAAGCCTTGGTACTTGCCGTGACAAA,35,8
CAAGCCATTAAGAGCCTAGGGATGTAT,35,8
CGCGCAGTCCCGAGGGCTTGGTCCCAC,35,8
CCTATAAAACTTATTGAACTTGCGCTG,35,8
GGTACGCAATAGGCTGGATTCTGGACA,35,8
TTCGCTTGGTGTATACTGCTTCTCCAA,35,8
GCCCAAGTGTATCGACTCGGCGAGGAG,35,8
TTTGGCCCTGCGCGGATACCCCGGTTC,35,8
ACGCCGGAGTTGTCCCGCCCAGCTGAA,35,8
TACCAGTAGTACCAGACCGCGTTGCGA,35,8
TAGCTAGCGGTAAACACCCGCAAGCAT,35,8
CGGCGCAGGAACTCTGTATGACCGGAG,35,8
TCGATAGTTAAGCCCTCTAAACAGGAT,35,8
CTGTTCCACAGGCAGGAAGGAGCTTGC,35,8
TTCTGTGGTATGGTGATCCTCCTGCCT,35,8
TCTATCTCCTGTGCGACAATATGAGTT,35,8
GTAATTGGCTGATCCTGGTTAGACAGT,35,8
TATCGAGAAACGCCGCTCGGCATGAAT,35,8
ACTTATCGTAGCTACAAAAAGTACTCC,35,8
CGGCGGCAGTGTGCTGTCCGGTTTTTG,35,8
GGCTCATCCGAGAACAGAACTGGGGAC,35,8
GTTATCGCTGTTTGGCCTTACCACTAG,35,8
TTTAAAGTTATCCAAACCTTCAATCGC,35,8
ACCGCGATGTCGATGTTACCCAACTGA,35,8
TAACCTAGACGTCGAGTTTTGAAGTAG,35,8
TAAAAACCGAGGCATGGGACCATTTCA,35,8
GGACTATGTCTTTTGCTGCGCAGCAGA,35,8
GTTCCTTTGGCGAGAATTCATCAAGCC,35,8
TTTCACAAATACCTCTTCGTATTCATT,35,8
TTATAGCACCCCGCTTCGCCTCGCAGC,35,8
CCTGACAGTGATGCGCGGGTGAATTCT,35,8
CATAAACGGTGAGTATATAACCTCAGG,35,8
AGAAGTCTGTAGCAACCTTTCAGCTGG,35,8
GAGGGGTGACAATGCGAGCGTATCGCA,35,8
TATCACGTGGCAGGGCTGGGACCTCGA,35,8
TAAAAGGTTGCGCAGTCATTATGGCTC,35,8
CACGCTACGAATACCATTACGTCGATG,35,8
CATCTGAACAAAGGTAAGTCGACGCTC,36,8
ACAGAGGCTCCTTGTGGAAATAGACAT,36,8
GTCGAACTATCAGAGGGGTCCGGCTGG,36,8
TAGAACAAGCGAGCGTCCCCTGGTTCG,36,8
ACGCCTGCAGCCGCTCATCGCGTGGAA,36,8
ATCAGACGTCATAAGTCATCGTTTGTG,36,8
TCCCGTTATGGCGATGCATAGTGTCAG,36,8
CATCACCGACTAACGTTTGGTGCAAAA,36,8
CGATTTTAATCGTATTTCATTATGAGG,36,8
CCTCTAGGGTGACATGTCCCGATTAAC,36,8
ATCTCCTAGTTTATCAAGGTGTTGTTA,36,8
TCGGTTTACACCTAGAGGGCGTTAAGG,36,8
GCGGTAGAGGCAGCAGATGGTCACCGT,36,8
TGACGATCGGCGTCACTGTCGCTGTTT,36,8
TCAGTGGTTCAATTTTAATAATGGATA,36,8
ATTTTTATTCTTAATTTGTTACAATGT,36,8
TACAGCTTGAACCCCGGCTAACCCCGA,36,8
TCCGGCCACATGGCATATGGCGTTCTG,36,8
TGGCGCCCTTAGTCACCTCCGCTTGTG,36,8
TATAATGAGACGAGGCACGGTGCTACC,36,8
TACTTGAGAAGAGGATTCAAGAGATGT,36,8
AACTCGCTACGTAGGCACGACGAGCCA,36,8
TTCGCACTGGCGGGCTGATCAGAGCCA,36,8
AGCAGTGAGGCATCAGCCCTCTAGTTA,36,8
ATCTACATTCCCATTGAGATCGGCCAC,36,8
TGGTTGCTTCGGGCCTAGCCAAAAACT,36,8
ATTGCAAGTGTTAGACGTGCGACGCAG,36,8
GCTGACTTATGTTTAATAAGATCTCCC,36,8
AGGCAAATTGAGAGCCGACAAATGACG,36,8
CATTCGACTTCATATACACTAACGCTC,36,8
ACTTGAACCCCACCAAGATCACCTGGC,36,8
TTCTGTCATCCGTTCTGCCTGCACTTT,36,8
TCCCGGGTATGCCTGACAATCTATTTC,36,8
AATCCCGATTTCACCGTAAGTACAAGA,36,8
GGTGGGGCCTCTTTAACCCCTCAGATC,36,8
TCCATGACAGCCATTTTATGTTTAATT,36,8
CTCAATGGTCCGCCTTCGGCGAGCTTA,36,8
AGGTCAGCAGCCGAGTCGACAGCATGG,36,8
CCTGAAGTCTACTGCGATGACGTAATT,36,8
TCGGTATCTTACGCTTCTCCAATTGAG,36,8
CATCCTGAACCTCCCGTGAATGCCATA,36,8
ACCCCCGATTTCGGGTTTACAGCGCGG,36,8
TAGCCTTTATCCCTTTCAGATCGAGAG,36,8
CTGCGCTGCAGGCTACAGGACTCTATA,36,8
CTCTCAGCAATGCAATGCGCCCGTGGT,36,8
TACAGTGCACGTCTCTGGCCTGTCCAC,36,8
GTATAATCCCGTCATTACGCTACTAGA,36,8
GGCGGCTATCAGGGCCCGTCACCAATA,36,8
TCCTCGGCAGTAGGGCTTGCTGGCTGT,36,8
TATACTGGTCGCTGCGTGTGCCTCAGC,36,8
AATGCCGACCGTACAATCTATGAGATC,37,9
AGTTACTTGCACTCTAGTGCATTAAAG,37,9
TTTGTCACCCGAAATTACCGACCAAGT,37,9
CTAGCTACGGATCATCGTGGCGTGGAT,37,9
CCTGATTCTATGGGTCACACGCTCACC,37,9
ACTCGGGATGCCGCTAGTGCTAAGTGT,37,9
CAATATATTTTTTATCCAAGCTCTGAC,37,9
ATAATCTAGTCACATGGACATGGGAGA,37,9
CCCTGGGTAACTTGTGACATCCGAAGG,37,9
CTCTTACTGATATTTACAAATGCACCA,37,9
GTTAACAGGCTAGCAACGATGGACACT,37,9
TTTTACGTCGACAACCCCAGGCGAGAC,37,9
AACTCGAAATTATATAAGGCTGTGCTC,37,9
CAGATAACAACTCTTCGGACGCCCGTT,37,9
TCTCCTACTTGAAAGTTAATTCCCGTT,37,9
AATTCAGCAGGCATTCCACCTGACGTC,37,9
TCTATCTCATCTCGCCTATCTCGTAGA,37,9
TGAAAATTCATCAACCGCTCTTATACA,37,9
CAATCAACGTGCTTGTGCATTACCAGG,37,9
AGCGGCTGCGCTGTCTGGAATTAACCC,37,9
GGAGGTTTACCTAGTCCCATTACCTAT,37,9
GTATAACTGTACAGCGGGAACCGTTAG,37,9
GATACAAATTAAATACTCCATCTACCT,37,9
AAACTCCTACATAGCGTGTGGCCAGCC,37,9
AGCACTCTGAAACAAAAGTCGCGCGAA,37,9
TAGTAGTCCTGAATCGAATGGATGCGA,37,9
CGGTTTACAGAGGAGATATACATAGGC,37,9
AGTCAATGCTTGCAGGGAGTCATATGG,37,9
GCCGTCAAATTGATCTCCCACTTCTGT,37,9
GATCCCCTCATAGACGGGGATCGCATT,37,9
CTAGGACCAGCGCAATCCTTAATTGGC,37,9
TGCCAGCTTCCTTGCGTCATCACTCGT,37,9
CTACCTCGATGTATGTAGACATCACAT,37,9
CTAATGATGGGAAAAAACTCTTACTTG,37,9
TTGGGCGTAACCAGATTTCAGTTACAA,37,9
ACACGTACCAAAACTAGTCGGAACAGC,37,9
TAACGGTGCAACGCAGTCTGGAAACTT,37,9
TTTCACTTGATGCGGTGTTGCGTAACT,37,9
AGGTCCGTGCGGGCTCTAGGGGCCCTC,37,9
GTGCCCACAGGCTACTGACTATTTCTA,37,9
ACGTGTACTCTTGCTCGCCTTATAGCA,37,9
ATGCCGCACGAACGGCTGTAGGGAGCA,37,9
AGGCGGGGGGTGAAATAACATGACAGA,37,9
CGAGACTAGCTTAGTTGGAAGCGTCTC,37,9
AGCCGGAGCACGTCGTGAATTCAAAAA,37,9
TCACCAAACATCGCTATTATACTGGCA,37,9
TGCCGACCAGCGTGTAGACGTGCCGCG,37,9
CTCAACGGTAGCACGATTAACTGGAAA,37,9
GGCACTAGGGTACACTCTCCATGCCGA,37,9
GGTCGACGGTTCGGAGGATGGAATGAA,37,9
CTAAGGACACCCGCCTGAGCGGGGCCG,38,9
GCCCGCATGTAGAGGGTTGCTATGGAC,38,9
GTCCTCCCCTGAAGCAGCAAAGGTAAG,38,9
TCTTTACGGCCAGATATTGTACTTCGC,38,9
CACCTTCTCATATCTTCCGTAAGACGT,38,9
AGCAGACAATCGCTCTGGCTGTGGAAG,38,9
CGCGAATGGCAGTAGACTGATAAAAAG,38,9
TTATTAGTTGAGGAAAGCCCTCCCAAT,38,9
AGTGGTGGATCAACCACCCTGCAACTC,38,9
GCACGATTGGTCAAGTCCACACCTGTT,38,9
TAGAGTATAACCTACGACGAAAGCTCC,38,9
TTGGCTTAGAGATTCTAGCACTGGTCA,38,9
TCAAATGAGCTCCAGACAATCGCGTTG,38,9
AGCTTTATCTGCCAATGGTGGTGCTCG,38,9
AAGCCTTGCCAGAGGTGCGTTCTACTC,38,9
CGGTCCGTAGGGGTCCTGCGAGTCAAA,38,9
ATGAATAAACATTACCACCAGGATTAT,38,9
CCTATACGTTAATATATGCTGAAATTT,38,9
GCACGATTATGGAAGGCTCGCGACAAA,38,9
CAGTATTCGAAGCAGGCGAGAGAGCTC,38,9
GGCCCGCGGTTTAACTGCTAGCGGGAC,38,9
GGATCCCACTCATAAAGCGGGATGATA,38,9
TTACAATAGGGCTACCACTAGTTGGCA,38,9
CTTATGCGGTGGAGGAGTAAGACAGGA,38,9
TTCCAGTAAGCGGTGCCAAACATTTCA,38,9
TCTCGTCAACACCGAACCCAAAATCTG,38,9
TATCTGTTGTCGTTGCAGGACCAGTTA,38,9
TGATGCTGTCAAGCAATTCGTTATGAT,38,9
ATTAACGGTCGCGTTCCTCGGACTTTC,38,9
CCACGGTCACGAGACTATAAACCTTCG,38,9
CCTATTCATACCCAGAGTGGCATGAGA,38,9
ACCTATGCAGGCCATGTTCAGCACGAG,38,9
AGGAGCAATTAAGACTTTCGAGGGACC,38,9
ACTGGGTCAGACACGAACGAGCATCTT,38,9
TGCGTGGTGACAAAGTCCGAGAGCAGA,38,9
GTTCGTAGACACGCAGGGGTTAACGGT,38,9
CATTGAGAGTCGGGCCGATTAGGGGAC,38,9
CGCAAGGTAAGGAAGGCGAGCCTTCAG,38,9
GTGTCACCTCAAATTCGTTCCAATAAC,38,9
CAACGCGCGCCTAGGAGTAGGTTTCTG,38,9
CAGGCCTAGTAAGTAGGGGGAACCGAC,38,9
CAGAGTTGACTCACCGTTCGGCTGGCT,38,9
GAGTTGTAAAAGGAGGCACAGCGATAA,38,9
AGCCCCCGACTGTTCGCCGAACAACAA,38,9
GGCAGAGGCGTACCGTTCCCGTGCGAT,38,9
CCACACCTGACCCCCAGCATGTTATTA,38,9
GTGGGGCCATGAGGGTTTTCACGCCAT,38,9
AAAAGATCTTATTGGTAACGTCCGCTG,38,9
ACGGCAGCAGGAGTGCATGGTGGGTTT,38,9
TGGTCTCCGAGACACTCTCTCCCGATA,38,9
GGCAGTCTGATCATACCATACTCCCGA,39,10
TATCCTGGATCCACCCCCTGCCACGGT,39,10
TCTCCGATGCGGGAGGTTATCGCGTTG,39,10
TCCAACTATATAACTCGGGAAAGAAAC,39,10
TATATTTAATCGGTGGAAGAGTGCGAA,39,10
TCATGAAGGTAGCGGATTCTTGCTTTG,39,10
AATATCTCACCACAGTTATATTCCGCG,39,10
GGGAACCAACCCACTAATCCTACGATG,39,10
TTTCTCGAGTCGGTAAGTCCAGTGGAT,39,10
GGAAGACCCCTGTTCAAGCCATCCTGA,39,10
CGGAGTCAGGATCGATGTCACTCGACT,39,10
TAACAGACGTCATGGAGCACTGGGGGT,39,10
ACCTGTTCACACGTGATTAATTTGACT,39,10
TATGAGCTCGATGAGGTTTTCGTGCGC,39,10
AGAGAATATCTATAGACGCGTGCTAAG,39,10
TAGAGCCCAATAATCTCGACGGAGCTG,39,10
CCGAAAGCCTAACTTCCCGCACTGCGC,39,10
CCAGAACTCTTCAAGGTTCCCCAAGGT,39,10
CTTGGCATTCTAAAGGCGTCAGCAGTA,39,10
TCAGTCTGCTTTCCGGATCAACCAGGA,39,10
ACCCGTAGAGTAAGCCATGGAGACTTC,39,10
GTTTGGTTTAGGATTCTTTGACTGTCT,39,10
CCCAATGACGGCTTATCCACAACGCGA,39,10
CTCTATCCAAAGGTCAATCGTCTTCAA,39,10
GAAACTTAGGCGGGTGAAAAGCTCATG,39,10
TCCTGATCTGCCGGGTGGCGTCGCAAT,39,10
TGCTTATCACATCCGCTGTAATTCCTT,39,10
CTGATGGCCTCTGCGCTGCAGTTGAGA,39,10
ATAGGAGCTTATACGTACCCCCGATAG,39,10
ACCTGCAAGGCAGGCTGTGGTAGGGTA,39,10
TGCATTGATACTAACATTATTGAACTC,39,10
TGTGGTAGGCACTCAAGGAGTGGTTAC,39,10
TAAGATACTGATGTCTAATCATCCTAT,39,10
ACACGAGAGGGCTATTTTGCGGAAAAC,39,10
CAGACCAACCGCAAACACGGTTACACT,39,10
TGCGCACGTATCAGAAACACCAAATAT,39,10
CATAACAGTATAAAAATGTGTCATGAC,39,10
ACCCGCTTGTGCTCGTGCCCTCAATAC,39,10
GGTTGTAGGGTTACGTCGCATCGCCAC,39,10
GTTGAGTGAGTTCCAAATGCCAAAAGA,39,10
GCCTGACTCTAAGAATTGCTTCACGCG,39,10
GATTCGTTAGATAGTTGGCTCAAGTTC,39,10
AGAGAGCTGAAAGACCGCCGGAGCCGA,39,10
TAGTTCCTACGCGAGGAGACCTCATTA,39,10
TTATGCGGCATATGGCAACGAACACTT,39,10
AGTTGGTTAGTGAAAGACCACCTATCT,39,10
ACTCTTCCAGAGGTTGAAGCGGGGGTT,39,10
CGGCCTTACGTAGAGCAGGTTTCAGAT,39,10
GGGATTGGATGCCGGTTTTAAGGTTGA,39,10
TAATGTAGGTCGACTCCGTAGCTTGTG,39,10
GGTCCCAGGAGTCACACGGGGATCGGA,40,10
CGGGCGCCCCGAATGCCGACGCAAAGA,40,10
GATGATCTCAGCTTCCCATAATGCGAT,40,10
CTACCCTCATCTGGAATTAACAAGTTA,40,10
TTATTAGTAACCTTAATCGTTAAAGCC,40,10
CGTGTAAAAAAGATCGCCTCATGTTAC,40,10
CAGCTGTGTTCCATGTTCTGCGCTGTT,40,10
GGTGTGGAGTCCTCATGAGCTAATGGG,40,10
GAGGGGACGAGTTGAGGGATATCGTAT,40,10
GCCTGCGGGTAATACCTCCTGTAACGT,40,10
GGACAGCTCCTTTATGATCGAACTCTA,40,10
CCGTGTGCGTTGTTGTCGTCGGAAGCT,40,10
CTTTAGGGGTGTGTGCTATTGTAACAG,40,10
GAGTTGTTCGTGTAACAGGGACCAATC,40,10
GTAACCTCGCCCCCGCTAAGTAACCAT,40,10
CACCTTAGGTGGTGGAGTTGCGGTGAG,40,10
GATAGTGGAATCCTGAGCATAGCGGTA,40,10
TCGAATGTCATAACAAGCCGCCGCGCT,40,10
GGTTCCGCGTTTGACCACTGATCGAGT,40,10
ATACACACGCCTCACATCCTTTAAAGA,40,10
CGTAGTGGGCAGCCGTCACGGGTAATC,40,10
GTGCCGTTTATCGGTGTCAGCGGTCCT,40,10
GGACGCACGTCGGCGAGTGTCTCAGCG,40,10
GTCGGTTAGCAAAAAGTCAAGTTACCA,40,10
CCTACGACATCTGGCGAGTGTTATCAG,40,10
GGTGTAGCATTAGATAATAGCGCAATC,40,10
TCCGCCGATCGCCACTTCGTATCAAGC,40,10
CGAATCTGTATTACTGGGATTGGGCCA,40,10
ATGGTCGCTAAGATGGACGATATGGCA,40,10
TCAGCTCCCGCCCGACATATATGGAAA,40,10
TGGTACGGTGCCCGCTTCGATAATTAA,40,10
CCCCGACGATCATGACCGCGCACCGTT,40,10
ACGGCGGTTGGGCGCCTTCATGCGTCT,40,10
AGAGACTTGGCTAACACGCAGGGCTAG,40,10
CTGGAAATTCAGGCGCTACAGCGCCGA,40,10
GACGATCCGTGCTATAGTACAGCTTAG,40,10
AACTCTATGACGGAATAAGAGCTAAAC,40,10
CCGCGTGATGCCTACTGCCCTCTATGT,40,10
ACTCCTCACTTTCACCAAGTTATGTTC,40,10
CAATGAAAACCCTGCGCCCCCTAGAGC,40,10
ATGCTGTACTGTGATCCAGGTCCATGA,40,10
GAGCTCTTCTGACGCGATGCAGTTGCA,40,10
GAGCGTTTACATGTGAAAGCGACGTGT,40,10
ACGAAGTATCCTCTCAGGCCGCTTGCG,40,10
CCCTACAAGTTCCAGTGAAACCGGCCG,40,10
CGCTTTCTTCGAGCGATAAATGACTTA,40,10
CTGGACTCTTGCAGTGTAAAAGCCAAC,40,10
TAGGGGTCCTGACGGTTATCGCCTTAC,40,10
GGCAGCAGTGCTCTTCATTCTTCCAGC,40,10
CACATCTCGCGGCAAGTAGATTCATTT,40,10
GCATCTTGTAAGCGTCAATAGGCTTCT,41,11
TTATTATTGCGGTAAAGGATGGTCACC,41,11
GTTCGGGCTGGTTTGAAAAAGGTGTGG,41,11
CCAGTATAGAGGAATTTAACGTAGCTG,41,11
TAAGTGTACAATCCTCGTAGGCCTTGT,41,11
AGGGTACCCAACATAGGCAATGTCAAA,41,11
TCCTACGCCTAACTCCTTATACTAGGA,41,11
CGACTCGCGTTTGTAGGCTTCCTCGAA,41,11
AAAACCTTAATTCCATAATATTAAATC,41,11
GTCACACTTCATTTGCCCGCAGTAAAA,41,11
CTAGTCTCCGCCAAAATGGACGTCGTT,41,11
AATACCGGAGCTGGGTTTAATTCTCCC,41,11
GTCTTGTTAATCACATGCCGGAGACGA,41,11
CAGTTAATGCACTTAATCGATCTCCAA,41,11
TATGTGTATCTGATAAAGACATACTCG,41,11
CCTTGAGACAGGGGGTCCGCTATGGCT,41,11
AATAACTGACTATCGGTGCCAATCGCA,41,11
CATTAGAGATGCGCCTAAGAGCCTGAT,41,11
CATACGAAGGCCTGGGCAGGGTTCTCT,41,11
CCCCAGTCAGTGCTTCATCTTGTCAGC,41,11
TCCCTACAAGTGATGCCCCTTAAACAT,41,11
TTACGAGCCAGACGACGTGGTGATGAT,41,11
GCTCGAGGTATGCCAAGCTTTGTGCTA,41,11
ATAACGTTCCATTACGGTGAATAACTT,41,11
GCTGGTCACCCGCCAGCCACGTCAAGC,41,11
CCCTCCATGCTGTTTGGGTGTTCGCAC,41,11
CATGTATGCAACTTTCGGGATCATTGT,41,11
ATGCATCCGAGGCGCATGCGTTTTAGC,41,11
CCGACTTGGGGCTCCGTTAACCCGCGT,41,11
GACGAAGGGAATACGTTAGATCGCTAT,41,11
TACTAGATGCCGGCCATTTTTTGCAAT,41,11
ACTTACTCGGCAGCGGACCTGTTAGCG,41,11
TTTGCACATGCGGAAGGTGTTTCGGTA,41,11
TCTGTAGTTGTAAATGGTCAGCGTGCC,41,11
ATGACCTGTCATTGACTAGGAGGAGTA,41,11
AACCCAAGCGGTTTTTGGTGTAATGTT,41,11
GAGCATGATAGCGGAGCCGTTATGGCC,41,11
TTGTTGTTATGTCGGGCACTTCCCCGT,41,11
CACGCGGTAAAAAATAATTGACCGGCC,41,11
ACTACACTCAGTCGATAACCTGGACAC,41,11
GTACTACTTACCGGCCATACCTGCAGC,41,11
ATGCTACCCCCACTGCTAGGCTTGTTT,41,11
TGGGGAGTGGAGCAAACTGTCTGTCTA,41,11
GCAGGACAGAAATACTGTTAAGGTTGC,41,11
CACTCATGCTTTGGCAATGTGGGCACG,41,11
AGATCTAAGTTGATACAAAAGCTCTCA,41,11
ATCAACAGAACGCGGTTTATTACGAAG,41,11
TTGATTCCATTTGGTAGGTAGGCGTCA,41,11
ACTGGAAGCGCATACGAGGCTGGGATA,41,11
CGTACATTATATTGTTCCGCCAACAGT,41,11
CGATGGAGCCTAGGTTCGCGAATAAAG,42,11
TGCTTTATCAGATTTGAAGGGCTTGTT,42,11
ACTGGAACATGGGGGTTGGTCGCAACA,42,11
TCACAGGTCGTAGTAGCATGTTAACCC,42,11
ATCGAAAATCTCAAACTAGTCCTACGC,42,11
GTTTTACCGTGGGTTAGCTTCTGTTAG,42,11
TCCCCCGCCGACGCGGTAATTCGTCGG,42,11
TACCACAATGAACTTGGGTACCTTAGA,42,11
CCTGCTTACGCGCTTAGTTAATAAGTT,42,11
GCTCGTACACCCCAGGAAAGAAATTTG,42,11
CAAGGTCTACGAATACGGGGGCGCAGG,42,11
TGCTTCGCCTCAGGGCAGCATAGAGCT,42,11
GAGAACATCGTACGGGCAAGAACTCGA,42,11
CCTCTTACTGTATTGGGACCGGGGGGT,42,11
ACAACGGAAGTCGAATTACATAAAATG,42,11
TTTACGGCTAAAGAAAAATGACGTGTG,42,11
GTTGGACTGTGCGGTCCATGTAAGAGG,42,11
AATCCCGGGGAGGCTGGGGAGCTTAGA,42,11
AGTGTGGTTAGTTTCAAGATAACTCCA,42,11
TCGCAATATCAGACACTACATGCTTAC,42,11
CATTTATCTTCGTGACAATATGCCATT,42,11
CGCGAAGGCACGCACGCGATCTTTTTA,42,11
TCTCCCATATCGCAGCCTGGCGATAAC,42,11
AACGACTGTGGAAGATTTCACCTATGT,42,11
ACCGTCCCCTTTTTGGGATTCCGTCGT,42,11
CACGAGATTAAACTAAAATGAACCATG,42,11
GGCGCTTTGGCCACCCCTCCTTGCTGA,42,11
GCTAAGTGGTTTCGCCCGTCCTGGCTA,42,11
GGCTAGAACCGAATTGGATTTCTAGAC,42,11
CGGTTCAATCGGGTGTGTTGAAATGTC,42,11
TTGTAAGCTACAGTTCGTTCACATCCT,42,11
ACTCCCTCAGGAGAGTGGACCTGTGCG,42,11
CTGCTAGTCGGTTCTACAGTCGTTGAA,42,11
AGGACAGTGGCACATACGCTTATACGT,42,11
GGTGGAATCTCATGATCTTTAACTTAC,42,11
TGCGAAATAGTTGAGAAACATTCCGGA,42,11
AGCCACTCCGTATATAACGCACCGATT,42,11
CACCAGTTCTTATGTCCCAGAGAGGTA,42,11
TATTACAGTGATATTACCCTCTACGCC,42,11
ACGCGGCAACTGGATCGCGAAATGATC,42,11
GCTCGTTATGAATACCTGCGACTAAAT,42,11
AAGTCAATAGGGTTCCCGAGAGTCAGT,42,11
AGCCATCTCGCCTCCAGATGGGTCCAG,42,11
TCTGGGAAGGCTAGGGTGGGCCCCAGC,42,11
GTTGACTCTCGATGCGATTGGGTAATT,42,11
GCACACCGGTTCTATTTTACCGGTAGA,42,11
CCTTTTATAAACCTCAGCAGAAATAAT,42,11
CTTATGTACGCGAGTACGCCGCAACAC,42,11
TTTTTCGGCTAACGATGTCTCCCTATC,42,11
TTGGTTTCGCATGTGGCCCCCATGGTT,42,11
